campaign_id,title,slug,source,github_path,category,status_directory,original_length_label,session_min,session_max,normalized_length,ip_status,duplicate_status,readiness_score,recommended_next_action,audit_confidence
ir-a-midsummer-nights-chaos,A Midsummer Nights Chaos,a-midsummer-nights-chaos,GitHub,campaign-ideas/Completed/Fantasy/a-midsummer-nights-chaos,Fantasy,Completed,,8,10,Short,Original/clear,Unreviewed,77,Manual editorial review,Medium
ir-above-the-cloudline,Above The Cloudline,above-the-cloudline,GitHub,campaign-ideas/Completed/Adventure/above-the-cloudline,Adventure,Completed,,25,35,Long,Original/clear,Unreviewed,77,Manual editorial review,Medium
ir-abyssal-descent,Abyssal Descent,abyssal-descent,GitHub,campaign-ideas/Completed/Horror/abyssal-descent,Horror,Completed,,10,15,Medium,Original/clear,Unreviewed,73,Manual editorial review,Medium
ir-academy-of-arcane-gastronomy,Academy Of Arcane Gastronomy,academy-of-arcane-gastronomy,GitHub,campaign-ideas/Completed/Fantasy/academy-of-arcane-gastronomy,Fantasy,Completed,,35,35,Long,Original/clear,Unreviewed,84,Manual editorial review,Medium
ir-academy-of-legends,Academy Of Legends,academy-of-legends,GitHub,campaign-ideas/Completed/Fantasy/academy-of-legends,Fantasy,Completed,,15,20,Medium,Original/clear,Unreviewed,77,Manual editorial review,Medium
ir-aethelgard-the-once-and-future-king,Aethelgard The Once And Future King,aethelgard-the-once-and-future-king,GitHub,campaign-ideas/Completed/Sci-Fi/aethelgard-the-once-and-future-king,Sci-Fi,Completed,,,,Unknown,Original/clear,Unreviewed,70,Manual editorial review,Medium
ir-after-the-starfall,After The Starfall,after-the-starfall,GitHub,campaign-ideas/Completed/Post-Apocalyptic/after-the-starfall,Post-Apocalyptic,Completed,,10,12,Medium,Original/clear,Unreviewed,73,Manual editorial review,Medium
ir-against-the-titans,Against The Titans,against-the-titans,GitHub,campaign-ideas/Completed/Adventure/against-the-titans,Adventure,Completed,,,,Unknown,Original/clear,Unreviewed,74,Manual editorial review,Medium
ir-agents-of-concordia,Agents Of Concordia,agents-of-concordia,GitHub,campaign-ideas/Completed/Intrigue/agents-of-concordia,Intrigue,Completed,,30,30,Long,Original/clear,Unreviewed,77,Manual editorial review,Medium
ir-agents-of-the-concordat,Agents Of The Concordat,agents-of-the-concordat,GitHub,campaign-ideas/Completed/Sci-Fi/agents-of-the-concordat,Sci-Fi,Completed,,30,30,Long,Original/clear,Unreviewed,67,Manual editorial review,Medium
ir-alchemical-insurgence,Alchemical Insurgence,alchemical-insurgence,GitHub,campaign-ideas/Completed/Fantasy/alchemical-insurgence,Fantasy,Completed,,35,35,Long,Original/clear,Unreviewed,74,Manual editorial review,Medium
ir-aldnoah-drive-conspiracy,Aldnoah Drive Conspiracy,aldnoah-drive-conspiracy,GitHub,campaign-ideas/Completed/Sci-Fi/aldnoah-drive-conspiracy,Sci-Fi,Completed,,12,15,Medium,Original/clear,Unreviewed,78,Manual editorial review,Medium
ir-all-for-one,All For One,all-for-one,GitHub,campaign-ideas/Completed/Intrigue/all-for-one,Intrigue,Completed,,12,15,Medium,Original/clear,Unreviewed,71,Manual editorial review,Medium
ir-all-that-jazz,All That Jazz,all-that-jazz,GitHub,campaign-ideas/Completed/Mystery/all-that-jazz,Mystery,Completed,,12,15,Medium,Original/clear,Unreviewed,62,Manual editorial review,Medium
ir-alpha-predator-rising,Alpha Predator Rising,alpha-predator-rising,GitHub,campaign-ideas/Completed/Sci-Fi/alpha-predator-rising,Sci-Fi,Completed,,36,36,Epic,Original/clear,Unreviewed,71,Manual editorial review,Medium
ir-angel-descent,Angel Descent,angel-descent,GitHub,campaign-ideas/Completed/Sci-Fi/angel-descent,Sci-Fi,Completed,,,,Unknown,Original/clear,Unreviewed,62,Manual editorial review,Medium
ir-anti-grav-league-wars,Anti Grav League Wars,anti-grav-league-wars,GitHub,campaign-ideas/Completed/Sci-Fi/anti-grav-league-wars,Sci-Fi,Completed,,15,20,Medium,Original/clear,Unreviewed,73,Manual editorial review,Medium
ir-arc-of-orleans,Arc Of Orleans,arc-of-orleans,GitHub,campaign-ideas/Completed/Historical/arc-of-orleans,Historical,Completed,,12,14,Medium,Original/clear,Unreviewed,77,Manual editorial review,Medium
ir-architects-of-eternity,Architects Of Eternity,architects-of-eternity,GitHub,campaign-ideas/Completed/Historical/architects-of-eternity,Historical,Completed,,35,45,Epic,Original/clear,Unreviewed,73,Manual editorial review,Medium
ir-arkham-investigations,Arkham Investigations,arkham-investigations,GitHub,campaign-ideas/Completed/Horror/arkham-investigations,Horror,Completed,,15,20,Medium,Needs transformation,Unreviewed,67,Manual editorial review,Medium
ir-arks-defenders-of-eternity,Arks Defenders Of Eternity,arks-defenders-of-eternity,GitHub,campaign-ideas/Sci-Fi/arks-defenders-of-eternity,Sci-Fi,Active/genre,,15,15,Medium,Original/clear,Unreviewed,73,Manual editorial review,Medium
ir-as-you-wish,As You Wish,as-you-wish,GitHub,campaign-ideas/Completed/Adventure/as-you-wish,Adventure,Completed,,10,12,Medium,Original/clear,Unreviewed,71,Manual editorial review,Medium
ir-ascension-protocol,Ascension Protocol,ascension-protocol,GitHub,campaign-ideas/Completed/Adventure/ascension-protocol,Adventure,Completed,,20,20,Medium,Original/clear,Unreviewed,84,Manual editorial review,Medium
ir-ash-and-remembrance,Ash And Remembrance,ash-and-remembrance,GitHub,campaign-ideas/Completed/Fantasy/ash-and-remembrance,Fantasy,Completed,,6,8,Short,Original/clear,Unreviewed,77,Manual editorial review,Medium
ir-atomic-arcana,Atomic Arcana,atomic-arcana,GitHub,campaign-ideas/Completed/Intrigue/atomic-arcana,Intrigue,Completed,,20,20,Medium,Original/clear,Unreviewed,77,Manual editorial review,Medium
ir-atomic-dawn,Atomic Dawn,atomic-dawn,GitHub,campaign-ideas/Completed/Fantasy/atomic-dawn,Fantasy,Completed,,,,Unknown,Original/clear,Unreviewed,71,Manual editorial review,Medium
ir-baba-yagas-bargain,Baba Yagas Bargain,baba-yagas-bargain,GitHub,campaign-ideas/Completed/Fantasy/baba-yagas-bargain,Fantasy,Completed,,12,16,Medium,Original/clear,Unreviewed,77,Manual editorial review,Medium
ir-bang-of-the-syndicate,Bang Of The Syndicate,bang-of-the-syndicate,GitHub,campaign-ideas/Sci-Fi/bang-of-the-syndicate,Sci-Fi,Active/genre,,10,12,Medium,Original/clear,Unreviewed,70,Manual editorial review,Medium
ir-battle-of-the-bands,Battle Of The Bands,battle-of-the-bands,GitHub,campaign-ideas/Completed/Fantasy/battle-of-the-bands,Fantasy,Completed,,15,20,Medium,Original/clear,Unreviewed,77,Manual editorial review,Medium
ir-battle-school-ascendant,Battle School Ascendant,battle-school-ascendant,GitHub,campaign-ideas/Sci-Fi/battle-school-ascendant,Sci-Fi,Active/genre,,12,15,Medium,Original/clear,Unreviewed,80,Manual editorial review,Medium
ir-battleworld-tournament,Battleworld Tournament,battleworld-tournament,GitHub,campaign-ideas/Sci-Fi/battleworld-tournament,Sci-Fi,Active/genre,,,,Unknown,Original/clear,Unreviewed,47,Manual editorial review,Medium
ir-beast-of-skull-isle,Beast Of Skull Isle,beast-of-skull-isle,GitHub,campaign-ideas/Completed/Adventure/beast-of-skull-isle,Adventure,Completed,,8,12,Medium,Needs transformation,Unreviewed,67,Manual editorial review,Medium
ir-belly-of-the-beast,Belly Of The Beast,belly-of-the-beast,GitHub,campaign-ideas/Completed/Horror/belly-of-the-beast,Horror,Completed,,5,6,Short,Original/clear,Unreviewed,73,Manual editorial review,Medium
ir-belters-gambit,Belters Gambit,belters-gambit,GitHub,campaign-ideas/Sci-Fi/belters-gambit,Sci-Fi,Active/genre,,10,12,Medium,Original/clear,Unreviewed,61,Manual editorial review,Medium
ir-beneath-the-grassblade,Beneath The Grassblade,beneath-the-grassblade,GitHub,campaign-ideas/Completed/Fantasy/beneath-the-grassblade,Fantasy,Completed,,24,24,Long,Original/clear,Unreviewed,74,Manual editorial review,Medium
ir-beneath-the-sands,Beneath The Sands,beneath-the-sands,GitHub,campaign-ideas/Completed/Horror/beneath-the-sands,Horror,Completed,,4,8,Short,Original/clear,Unreviewed,70,Manual editorial review,Medium
ir-beneath-the-surface,Beneath The Surface,beneath-the-surface,GitHub,campaign-ideas/Sci-Fi/beneath-the-surface,Sci-Fi,Active/genre,,20,20,Medium,Original/clear,Unreviewed,55,Manual editorial review,Medium
ir-beneath-the-watching-eye,Beneath The Watching Eye,beneath-the-watching-eye,GitHub,campaign-ideas/Completed/Intrigue/beneath-the-watching-eye,Intrigue,Completed,,10,12,Medium,Original/clear,Unreviewed,73,Manual editorial review,Medium
ir-beyond-the-wall,Beyond The Wall,beyond-the-wall,GitHub,campaign-ideas/Completed/Fantasy/beyond-the-wall,Fantasy,Completed,,10,12,Medium,Original/clear,Unreviewed,77,Manual editorial review,Medium
ir-blades-of-glory,Blades Of Glory,blades-of-glory,GitHub,campaign-ideas/Completed/Adventure/blades-of-glory,Adventure,Completed,,15,20,Medium,Original/clear,Unreviewed,77,Manual editorial review,Medium
ir-blades-of-the-holy-war,Blades Of The Holy War,blades-of-the-holy-war,GitHub,campaign-ideas/Completed/Historical/blades-of-the-holy-war,Historical,Completed,,12,14,Medium,Original/clear,Unreviewed,71,Manual editorial review,Medium
ir-blood-and-honor,Blood And Honor,blood-and-honor,GitHub,campaign-ideas/Completed/Historical/blood-and-honor,Historical,Completed,,15,20,Medium,Original/clear,Unreviewed,73,Manual editorial review,Medium
ir-blood-in-the-water,Blood In The Water,blood-in-the-water,GitHub,campaign-ideas/Completed/Mystery/blood-in-the-water,Mystery,Completed,,8,10,Short,Original/clear,Unreviewed,73,Manual editorial review,Medium
ir-blood-of-the-einherjar,Blood Of The Einherjar,blood-of-the-einherjar,GitHub,campaign-ideas/Completed/Fantasy/blood-of-the-einherjar,Fantasy,Completed,,35,35,Long,Original/clear,Unreviewed,74,Manual editorial review,Medium
ir-bracers-of-liberl,Bracers Of Liberl,bracers-of-liberl,GitHub,campaign-ideas/Completed/Fantasy/bracers-of-liberl,Fantasy,Completed,,30,35,Long,Original/clear,Unreviewed,80,Manual editorial review,Medium
ir-breach-runners,Breach Runners,breach-runners,GitHub,campaign-ideas/Sci-Fi/breach-runners,Sci-Fi,Active/genre,,15,20,Medium,Original/clear,Unreviewed,56,Manual editorial review,Medium
ir-breath-of-the-slayer-corps,Breath Of The Slayer Corps,breath-of-the-slayer-corps,GitHub,campaign-ideas/Completed/Fantasy/breath-of-the-slayer-corps,Fantasy,Completed,,15,18,Medium,Original/clear,Unreviewed,80,Manual editorial review,Medium
ir-breath-of-the-wilds,Breath Of The Wilds,breath-of-the-wilds,GitHub,campaign-ideas/Completed/Fantasy/breath-of-the-wilds,Fantasy,Completed,,20,25,Long,Original/clear,Unreviewed,80,Manual editorial review,Medium
ir-brick-by-brick,Brick By Brick,brick-by-brick,GitHub,campaign-ideas/Completed/Fantasy/brick-by-brick,Fantasy,Completed,,20,20,Medium,Original/clear,Unreviewed,80,Manual editorial review,Medium
ir-broadcast-anomaly,Broadcast Anomaly,broadcast-anomaly,GitHub,campaign-ideas/Sci-Fi/broadcast-anomaly,Sci-Fi,Active/genre,,22,28,Long,Original/clear,Unreviewed,53,Manual editorial review,Medium
ir-by-order-of-the-blades,By Order Of The Blades,by-order-of-the-blades,GitHub,campaign-ideas/Completed/Historical/by-order-of-the-blades,Historical,Completed,,12,15,Medium,Original/clear,Unreviewed,65,Manual editorial review,Medium
ir-calypsos-death-derby,Calypsos Death Derby,calypsos-death-derby,GitHub,campaign-ideas/Completed/Horror/calypsos-death-derby,Horror,Completed,,15,20,Medium,Original/clear,Unreviewed,77,Manual editorial review,Medium
ir-camp-half-blood-chronicles,Camp Half Blood Chronicles,camp-half-blood-chronicles,GitHub,campaign-ideas/Completed/Fantasy/camp-half-blood-chronicles,Fantasy,Completed,,12,15,Medium,Original/clear,Unreviewed,80,Manual editorial review,Medium
ir-can-you-dig-it,Can You Dig It,can-you-dig-it,GitHub,campaign-ideas/Completed/Urban/can-you-dig-it,Urban,Completed,,15,20,Medium,Original/clear,Unreviewed,70,Manual editorial review,Medium
ir-capsuleer-empires,Capsuleer Empires,capsuleer-empires,GitHub,campaign-ideas/Sci-Fi/capsuleer-empires,Sci-Fi,Active/genre,,,,Unknown,Original/clear,Unreviewed,47,Manual editorial review,Medium
ir-careful-what-you-wish,Careful What You Wish,careful-what-you-wish,GitHub,campaign-ideas/Completed/Fantasy/careful-what-you-wish,Fantasy,Completed,,12,15,Medium,Original/clear,Unreviewed,80,Manual editorial review,Medium
ir-cartel-wars,Cartel Wars,cartel-wars,GitHub,campaign-ideas/Completed/Urban/cartel-wars,Urban,Completed,,35,45,Epic,Original/clear,Unreviewed,62,Manual editorial review,Medium
ir-caverns-of-madness,Caverns Of Madness,caverns-of-madness,GitHub,campaign-ideas/Completed/Horror/caverns-of-madness,Horror,Completed,,4,6,Short,Original/clear,Unreviewed,71,Manual editorial review,Medium
ir-central-city-noir,Central City Noir,central-city-noir,GitHub,campaign-ideas/Completed/Urban/central-city-noir,Urban,Completed,,12,15,Medium,Original/clear,Unreviewed,77,Manual editorial review,Medium
ir-checkmate-protocol,Checkmate Protocol,checkmate-protocol,GitHub,campaign-ideas/Completed/Fantasy/checkmate-protocol,Fantasy,Completed,,18,18,Medium,Original/clear,Unreviewed,81,Manual editorial review,Medium
ir-children-of-the-angels,Children Of The Angels,children-of-the-angels,GitHub,campaign-ideas/Sci-Fi/children-of-the-angels,Sci-Fi,Active/genre,,12,15,Medium,Original/clear,Unreviewed,64,Manual editorial review,Medium
ir-children-of-the-night,Children Of The Night,children-of-the-night,GitHub,campaign-ideas/Completed/Horror/children-of-the-night,Horror,Completed,,10,13,Medium,Original/clear,Unreviewed,71,Manual editorial review,Medium
ir-children-of-the-planet,Children Of The Planet,children-of-the-planet,GitHub,campaign-ideas/Completed/Fantasy/children-of-the-planet,Fantasy,Completed,,20,30,Long,Original/clear,Unreviewed,70,Manual editorial review,Medium
ir-children-of-the-stars,Children Of The Stars,children-of-the-stars,GitHub,campaign-ideas/Completed/Fantasy/children-of-the-stars,Fantasy,Completed,,24,24,Long,Original/clear,Unreviewed,71,Manual editorial review,Medium
ir-chrome-flesh,Chrome Flesh,chrome-flesh,GitHub,campaign-ideas/Sci-Fi/chrome-flesh,Sci-Fi,Active/genre,,25,25,Long,Original/clear,Unreviewed,52,Manual editorial review,Medium
ir-chronicles-of-the-damned,Chronicles Of The Damned,chronicles-of-the-damned,GitHub,campaign-ideas/Completed/Fantasy/chronicles-of-the-damned,Fantasy,Completed,,,,Unknown,Original/clear,Unreviewed,70,Manual editorial review,Medium
ir-chronicles-of-the-somnolent-oracle,Chronicles Of The Somnolent Oracle,chronicles-of-the-somnolent-oracle,GitHub,campaign-ideas/Completed/Fantasy/chronicles-of-the-somnolent-oracle,Fantasy,Completed,,28,28,Long,Original/clear,Unreviewed,71,Manual editorial review,Medium
ir-chronos-investigations-inc,Chronos Investigations Inc,chronos-investigations-inc,GitHub,campaign-ideas/Sci-Fi/chronos-investigations-inc,Sci-Fi,Active/genre,,10,12,Medium,Original/clear,Unreviewed,60,Manual editorial review,Medium
ir-circuits-of-silicon-vale,Circuits Of Silicon Vale,circuits-of-silicon-vale,GitHub,campaign-ideas/Sci-Fi/circuits-of-silicon-vale,Sci-Fi,Active/genre,,30,30,Long,Original/clear,Unreviewed,53,Manual editorial review,Medium
ir-city-of-angels-city-of-sin,City Of Angels City Of Sin,city-of-angels-city-of-sin,GitHub,campaign-ideas/Completed/Urban/city-of-angels-city-of-sin,Urban,Completed,,10,12,Medium,Original/clear,Unreviewed,77,Manual editorial review,Medium
ir-clash-of-olympus,Clash Of Olympus,clash-of-olympus,GitHub,campaign-ideas/Completed/Fantasy/clash-of-olympus,Fantasy,Completed,,18,22,Medium,Original/clear,Unreviewed,80,Manual editorial review,Medium
ir-classical-symphony-kingdom,Classical Symphony Kingdom,classical-symphony-kingdom,GitHub,campaign-ideas/Completed/Fantasy/classical-symphony-kingdom,Fantasy,Completed,,,,Unknown,Original/clear,Exact-slug candidate (2 packages),38,Add/identify primary campaign document,Low
ir-classical-symphony-kingdom,Classical Symphony Kingdom,classical-symphony-kingdom,GitHub,campaign-ideas/Fantasy/classical-symphony-kingdom,Fantasy,Active/genre,,22,22,Long,Original/clear,Exact-slug candidate (2 packages),64,Manual editorial review,Medium
ir-clockwork-elemental,Clockwork Elemental,clockwork-elemental,GitHub,campaign-ideas/Completed/Fantasy/clockwork-elemental,Fantasy,Completed,,,,Unknown,Original/clear,Exact-slug candidate (2 packages),38,Add/identify primary campaign document,Low
ir-clockwork-elemental,Clockwork Elemental,clockwork-elemental,GitHub,campaign-ideas/Fantasy/clockwork-elemental,Fantasy,Active/genre,,12,12,Medium,Original/clear,Exact-slug candidate (2 packages),67,Manual editorial review,Medium
ir-cloverfield-emergence,Cloverfield Emergence,cloverfield-emergence,GitHub,campaign-ideas/Completed/Horror/cloverfield-emergence,Horror,Completed,,1,1,Micro/one-shot,Original/clear,Unreviewed,74,Manual editorial review,Medium
ir-colossal-regret,Colossal Regret,colossal-regret,GitHub,campaign-ideas/Completed/Horror/colossal-regret,Horror,Completed,,24,24,Long,Original/clear,Unreviewed,67,Manual editorial review,Medium
ir-colossus-ascent,Colossus Ascent,colossus-ascent,GitHub,campaign-ideas/Completed/Fantasy/colossus-ascent,Fantasy,Completed,,,,Unknown,Needs transformation,Exact-slug candidate (2 packages),28,Add/identify primary campaign document,Low
ir-colossus-ascent,Colossus Ascent,colossus-ascent,GitHub,campaign-ideas/Fantasy/colossus-ascent,Fantasy,Active/genre,,25,40,Long,Original/clear,Exact-slug candidate (2 packages),84,Manual editorial review,Medium
ir-combat-healer-chronicles,Combat Healer Chronicles,combat-healer-chronicles,GitHub,campaign-ideas/Completed/Fantasy/combat-healer-chronicles,Fantasy,Completed,,,,Unknown,Needs transformation,Exact-slug candidate (2 packages),28,Add/identify primary campaign document,Low
ir-combat-healer-chronicles,Combat Healer Chronicles,combat-healer-chronicles,GitHub,campaign-ideas/Fantasy/combat-healer-chronicles,Fantasy,Active/genre,,7,8,Short,Original/clear,Exact-slug candidate (2 packages),77,Manual editorial review,Medium
ir-commanders-war,Commanders War,commanders-war,GitHub,campaign-ideas/Sci-Fi/commanders-war,Sci-Fi,Active/genre,,20,25,Long,Original/clear,Unreviewed,56,Manual editorial review,Medium
ir-concrete-dreams,Concrete Dreams,concrete-dreams,GitHub,campaign-ideas/Completed/Fantasy/concrete-dreams,Fantasy,Completed,,,,Unknown,Original/clear,Exact-slug candidate (2 packages),38,Add/identify primary campaign document,Low
ir-concrete-dreams,Concrete Dreams,concrete-dreams,GitHub,campaign-ideas/Fantasy/concrete-dreams,Fantasy,Active/genre,,25,25,Long,Original/clear,Exact-slug candidate (2 packages),65,Manual editorial review,Medium
ir-conquistadors-new-world,Conquistadors New World,conquistadors-new-world,GitHub,campaign-ideas/Completed/Historical/conquistadors-new-world,Historical,Completed,,12,15,Medium,Original/clear,Unreviewed,71,Manual editorial review,Medium
ir-contractors-of-hells-gate,Contractors Of Hells Gate,contractors-of-hells-gate,GitHub,campaign-ideas/Sci-Fi/contractors-of-hells-gate,Sci-Fi,Active/genre,,14,16,Medium,Original/clear,Unreviewed,56,Manual editorial review,Medium
ir-corporate-shadow-wars,Corporate Shadow Wars,corporate-shadow-wars,GitHub,campaign-ideas/Sci-Fi/corporate-shadow-wars,Sci-Fi,Active/genre,,24,24,Long,Original/clear,Unreviewed,50,Manual editorial review,Medium
ir-country-western-frontier,Country Western Frontier,country-western-frontier,GitHub,campaign-ideas/Completed/Fantasy/country-western-frontier,Fantasy,Completed,,,,Unknown,Original/clear,Exact-slug candidate (2 packages),38,Add/identify primary campaign document,Low
ir-country-western-frontier,Country Western Frontier,country-western-frontier,GitHub,campaign-ideas/Fantasy/country-western-frontier,Fantasy,Active/genre,,20,20,Medium,Original/clear,Exact-slug candidate (2 packages),50,Manual editorial review,Medium
ir-court-of-redemption,Court Of Redemption,court-of-redemption,GitHub,campaign-ideas/Completed/Adventure/court-of-redemption,Adventure,Completed,,15,20,Medium,Original/clear,Unreviewed,77,Manual editorial review,Medium
ir-courts-of-the-sidhe,Courts Of The Sidhe,courts-of-the-sidhe,GitHub,campaign-ideas/Completed/Fantasy/courts-of-the-sidhe,Fantasy,Completed,,,,Unknown,Original/clear,Exact-slug candidate (2 packages),38,Add/identify primary campaign document,Low
ir-courts-of-the-sidhe,Courts Of The Sidhe,courts-of-the-sidhe,GitHub,campaign-ideas/Fantasy/courts-of-the-sidhe,Fantasy,Active/genre,,14,18,Medium,Original/clear,Exact-slug candidate (2 packages),53,Manual editorial review,Medium
ir-coyote-runs-with-wolves,Coyote Runs With Wolves,coyote-runs-with-wolves,GitHub,campaign-ideas/Completed/Fantasy/coyote-runs-with-wolves,Fantasy,Completed,,,,Unknown,Original/clear,Exact-slug candidate (2 packages),38,Add/identify primary campaign document,Low
ir-coyote-runs-with-wolves,Coyote Runs With Wolves,coyote-runs-with-wolves,GitHub,campaign-ideas/Fantasy/coyote-runs-with-wolves,Fantasy,Active/genre,,15,20,Medium,Original/clear,Exact-slug candidate (2 packages),59,Manual editorial review,Medium
ir-crash-and-burn-paradise,Crash And Burn Paradise,crash-and-burn-paradise,GitHub,campaign-ideas/Completed/Urban/crash-and-burn-paradise,Urban,Completed,,12,18,Medium,Original/clear,Unreviewed,70,Manual editorial review,Medium
ir-crisis-of-infinite-realms,Crisis Of Infinite Realms,crisis-of-infinite-realms,GitHub,campaign-ideas/Completed/Fantasy/crisis-of-infinite-realms,Fantasy,Completed,,,,Unknown,Original/clear,Exact-slug candidate (2 packages),38,Add/identify primary campaign document,Low
ir-crisis-of-infinite-realms,Crisis Of Infinite Realms,crisis-of-infinite-realms,GitHub,campaign-ideas/Fantasy/crisis-of-infinite-realms,Fantasy,Active/genre,,,,Unknown,Original/clear,Exact-slug candidate (2 packages),60,Manual editorial review,Medium
ir-crossing-the-rubicon,Crossing The Rubicon,crossing-the-rubicon,GitHub,campaign-ideas/Historical/crossing-the-rubicon,Historical,Active/genre,,,,Unknown,Original/clear,Unreviewed,58,Manual editorial review,Medium
ir-crouching-tiger-hidden-dragon,Crouching Tiger Hidden Dragon,crouching-tiger-hidden-dragon,GitHub,campaign-ideas/Completed/Fantasy/crouching-tiger-hidden-dragon,Fantasy,Completed,,,,Unknown,Needs transformation,Exact-slug candidate (2 packages),28,Add/identify primary campaign document,Low
ir-crouching-tiger-hidden-dragon,Crouching Tiger Hidden Dragon,crouching-tiger-hidden-dragon,GitHub,campaign-ideas/Fantasy/crouching-tiger-hidden-dragon,Fantasy,Active/genre,,16,20,Medium,Needs transformation,Exact-slug candidate (2 packages),51,Manual editorial review,Medium
ir-crystal-caverns-conspiracy,Crystal Caverns Conspiracy,crystal-caverns-conspiracy,GitHub,campaign-ideas/Completed/Fantasy/crystal-caverns-conspiracy,Fantasy,Completed,,,,Unknown,Needs transformation,Exact-slug candidate (2 packages),28,Add/identify primary campaign document,Low
ir-crystal-caverns-conspiracy,Crystal Caverns Conspiracy,crystal-caverns-conspiracy,GitHub,campaign-ideas/Fantasy/crystal-caverns-conspiracy,Fantasy,Active/genre,,8,8,Short,Original/clear,Exact-slug candidate (2 packages),61,Manual editorial review,Medium
ir-curse-of-the-black-pearl,Curse Of The Black Pearl,curse-of-the-black-pearl,GitHub,campaign-ideas/Completed/Fantasy/curse-of-the-black-pearl,Fantasy,Completed,,,,Unknown,Needs transformation,Exact-slug candidate (2 packages),28,Add/identify primary campaign document,Low
ir-curse-of-the-black-pearl,Curse Of The Black Pearl,curse-of-the-black-pearl,GitHub,campaign-ideas/Fantasy/curse-of-the-black-pearl,Fantasy,Active/genre,,20,30,Long,Needs transformation,Exact-slug candidate (2 packages),48,Manual editorial review,Medium
ir-curse-of-the-jersey-devil,Curse Of The Jersey Devil,curse-of-the-jersey-devil,GitHub,campaign-ideas/Completed/Horror/curse-of-the-jersey-devil,Horror,Completed,,10,15,Medium,Original/clear,Unreviewed,80,Manual editorial review,Medium
ir-curse-of-the-skinwalker,Curse Of The Skinwalker,curse-of-the-skinwalker,GitHub,campaign-ideas/Completed/Horror/curse-of-the-skinwalker,Horror,Completed,,10,15,Medium,Original/clear,Unreviewed,71,Manual editorial review,Medium
ir-curse-of-the-sorcerer-king,Curse Of The Sorcerer King,curse-of-the-sorcerer-king,GitHub,campaign-ideas/Completed/Fantasy/curse-of-the-sorcerer-king,Fantasy,Completed,,,,Unknown,Original/clear,Exact-slug candidate (2 packages),38,Add/identify primary campaign document,Low
ir-curse-of-the-sorcerer-king,Curse Of The Sorcerer King,curse-of-the-sorcerer-king,GitHub,campaign-ideas/Fantasy/curse-of-the-sorcerer-king,Fantasy,Active/genre,,15,20,Medium,Original/clear,Exact-slug candidate (2 packages),59,Manual editorial review,Medium
ir-cycle-of-the-reapers,Cycle Of The Reapers,cycle-of-the-reapers,GitHub,campaign-ideas/Sci-Fi/cycle-of-the-reapers,Sci-Fi,Active/genre,,30,40,Long,Original/clear,Unreviewed,59,Manual editorial review,Medium
ir-daemon-revolution,Daemon Revolution,daemon-revolution,GitHub,campaign-ideas/Completed/Fantasy/daemon-revolution,Fantasy,Completed,,,,Unknown,Original/clear,Exact-slug candidate (2 packages),38,Add/identify primary campaign document,Low
ir-daemon-revolution,Daemon Revolution,daemon-revolution,GitHub,campaign-ideas/Fantasy/daemon-revolution,Fantasy,Active/genre,,32,32,Long,Original/clear,Exact-slug candidate (2 packages),50,Manual editorial review,Medium
ir-daemons-of-the-dust,Daemons Of The Dust,daemons-of-the-dust,GitHub,campaign-ideas/Completed/Fantasy/daemons-of-the-dust,Fantasy,Completed,,,,Unknown,Original/clear,Exact-slug candidate (2 packages),38,Add/identify primary campaign document,Low
ir-daemons-of-the-dust,Daemons Of The Dust,daemons-of-the-dust,GitHub,campaign-ideas/Fantasy/daemons-of-the-dust,Fantasy,Active/genre,,12,15,Medium,Original/clear,Exact-slug candidate (2 packages),56,Manual editorial review,Medium
ir-dance-magic-dance,Dance Magic Dance,dance-magic-dance,GitHub,campaign-ideas/Completed/Fantasy/dance-magic-dance,Fantasy,Completed,,,,Unknown,Original/clear,Exact-slug candidate (2 packages),38,Add/identify primary campaign document,Low
ir-dance-magic-dance,Dance Magic Dance,dance-magic-dance,GitHub,campaign-ideas/Fantasy/dance-magic-dance,Fantasy,Active/genre,,6,8,Short,Original/clear,Exact-slug candidate (2 packages),56,Manual editorial review,Medium
ir-dead-witch-walking,Dead Witch Walking,dead-witch-walking,GitHub,campaign-ideas/Completed/Fantasy/dead-witch-walking,Fantasy,Completed,,,,Unknown,Original/clear,Exact-slug candidate (2 packages),38,Add/identify primary campaign document,Low
ir-dead-witch-walking,Dead Witch Walking,dead-witch-walking,GitHub,campaign-ideas/Fantasy/dead-witch-walking,Fantasy,Active/genre,,15,20,Medium,Original/clear,Exact-slug candidate (2 packages),59,Manual editorial review,Medium
ir-death-and-dynasty,Death And Dynasty,death-and-dynasty,GitHub,campaign-ideas/Completed/Fantasy/death-and-dynasty,Fantasy,Completed,,,,Unknown,Original/clear,Exact-slug candidate (2 packages),38,Add/identify primary campaign document,Low
ir-death-and-dynasty,Death And Dynasty,death-and-dynasty,GitHub,campaign-ideas/Fantasy/death-and-dynasty,Fantasy,Active/genre,,8,8,Short,Original/clear,Exact-slug candidate (2 packages),61,Manual editorial review,Medium
ir-death-and-rebirth,Death And Rebirth,death-and-rebirth,GitHub,campaign-ideas/Completed/Fantasy/death-and-rebirth,Fantasy,Completed,,,,Unknown,Original/clear,Exact-slug candidate (2 packages),38,Add/identify primary campaign document,Low
ir-death-and-rebirth,Death And Rebirth,death-and-rebirth,GitHub,campaign-ideas/Fantasy/death-and-rebirth,Fantasy,Active/genre,,36,36,Epic,Needs transformation,Exact-slug candidate (2 packages),53,Manual editorial review,Medium
ir-death-descent,Death Descent,death-descent,GitHub,campaign-ideas/Completed/Fantasy/death-descent,Fantasy,Completed,,,,Unknown,Original/clear,Exact-slug candidate (2 packages),38,Add/identify primary campaign document,Low
ir-death-descent,Death Descent,death-descent,GitHub,campaign-ideas/Fantasy/death-descent,Fantasy,Active/genre,,28,28,Long,Original/clear,Exact-slug candidate (2 packages),62,Manual editorial review,Medium
ir-death-flags-and-destiny,Death Flags And Destiny,death-flags-and-destiny,GitHub,campaign-ideas/Completed/Fantasy/death-flags-and-destiny,Fantasy,Completed,,,,Unknown,Original/clear,Exact-slug candidate (2 packages),38,Add/identify primary campaign document,Low
ir-death-flags-and-destiny,Death Flags And Destiny,death-flags-and-destiny,GitHub,campaign-ideas/Fantasy/death-flags-and-destiny,Fantasy,Active/genre,,7,8,Short,Original/clear,Exact-slug candidate (2 packages),68,Manual editorial review,Medium
ir-death-metal-apocalypse,Death Metal Apocalypse,death-metal-apocalypse,GitHub,campaign-ideas/Completed/Fantasy/death-metal-apocalypse,Fantasy,Completed,,,,Unknown,Original/clear,Exact-slug candidate (2 packages),38,Add/identify primary campaign document,Low
ir-death-metal-apocalypse,Death Metal Apocalypse,death-metal-apocalypse,GitHub,campaign-ideas/Fantasy/death-metal-apocalypse,Fantasy,Active/genre,,16,16,Medium,Original/clear,Exact-slug candidate (2 packages),53,Manual editorial review,Medium
ir-death-on-the-rails,Death On The Rails,death-on-the-rails,GitHub,campaign-ideas/Completed/Mystery/death-on-the-rails,Mystery,Completed,,6,8,Short,Original/clear,Unreviewed,73,Manual editorial review,Medium
ir-deductions-of-baker-street,Deductions Of Baker Street,deductions-of-baker-street,GitHub,campaign-ideas/Completed/Mystery/deductions-of-baker-street,Mystery,Completed,,12,15,Medium,Needs transformation,Unreviewed,61,Manual editorial review,Medium
ir-deepnest-divergence,Deepnest Divergence,deepnest-divergence,GitHub,campaign-ideas/Completed/Horror/deepnest-divergence,Horror,Completed,,10,10,Medium,Original/clear,Unreviewed,73,Manual editorial review,Medium
ir-defender-of-the-holy-city,Defender Of The Holy City,defender-of-the-holy-city,GitHub,campaign-ideas/Historical/defender-of-the-holy-city,Historical,Active/genre,,18,22,Medium,Original/clear,Unreviewed,56,Manual editorial review,Medium
ir-defenders-of-the-realm,Defenders Of The Realm,defenders-of-the-realm,GitHub,campaign-ideas/Sci-Fi/defenders-of-the-realm,Sci-Fi,Active/genre,,25,30,Long,Original/clear,Unreviewed,56,Manual editorial review,Medium
ir-defying-destiny,Defying Destiny,defying-destiny,GitHub,campaign-ideas/Completed/Fantasy/defying-destiny,Fantasy,Completed,,,,Unknown,Original/clear,Exact-slug candidate (2 packages),38,Add/identify primary campaign document,Low
ir-defying-destiny,Defying Destiny,defying-destiny,GitHub,campaign-ideas/Fantasy/defying-destiny,Fantasy,Active/genre,,12,15,Medium,Original/clear,Exact-slug candidate (2 packages),50,Manual editorial review,Medium
ir-depths-of-planet-4546b,Depths Of Planet 4546B,depths-of-planet-4546b,GitHub,campaign-ideas/Sci-Fi/depths-of-planet-4546b,Sci-Fi,Active/genre,,,,Unknown,Original/clear,Unreviewed,53,Manual editorial review,Medium
ir-depths-of-the-nautilus,Depths Of The Nautilus,depths-of-the-nautilus,GitHub,campaign-ideas/Sci-Fi/depths-of-the-nautilus,Sci-Fi,Active/genre,,10,14,Medium,Original/clear,Unreviewed,56,Manual editorial review,Medium
ir-descent-into-reverie,Descent Into Reverie,descent-into-reverie,GitHub,campaign-ideas/Completed/Fantasy/descent-into-reverie,Fantasy,Completed,,,,Unknown,Original/clear,Exact-slug candidate (2 packages),38,Add/identify primary campaign document,Low
ir-descent-into-reverie,Descent Into Reverie,descent-into-reverie,GitHub,campaign-ideas/Fantasy/descent-into-reverie,Fantasy,Active/genre,,32,32,Long,Original/clear,Exact-slug candidate (2 packages),57,Manual editorial review,Medium
ir-descent-into-yomi,Descent Into Yomi,descent-into-yomi,GitHub,campaign-ideas/Completed/Horror/descent-into-yomi,Horror,Completed,,12,18,Medium,Original/clear,Unreviewed,73,Manual editorial review,Medium
ir-dice-of-dominion,Dice Of Dominion,dice-of-dominion,GitHub,campaign-ideas/Completed/Fantasy/dice-of-dominion,Fantasy,Completed,,,,Unknown,Original/clear,Exact-slug candidate (2 packages),38,Add/identify primary campaign document,Low
ir-dice-of-dominion,Dice Of Dominion,dice-of-dominion,GitHub,campaign-ideas/Fantasy/dice-of-dominion,Fantasy,Active/genre,,30,30,Long,Original/clear,Exact-slug candidate (2 packages),50,Manual editorial review,Medium
ir-digital-resistance,Digital Resistance,digital-resistance,GitHub,campaign-ideas/Sci-Fi/digital-resistance,Sci-Fi,Active/genre,,35,35,Long,Original/clear,Unreviewed,62,Manual editorial review,Medium
ir-districts-of-panem,Districts Of Panem,districts-of-panem,GitHub,campaign-ideas/Sci-Fi/districts-of-panem,Sci-Fi,Active/genre,,12,15,Medium,Original/clear,Unreviewed,58,Manual editorial review,Medium
ir-domain-of-nightmares,Domain Of Nightmares,domain-of-nightmares,GitHub,campaign-ideas/Horror/domain-of-nightmares,Horror,Active/genre,,16,22,Medium,Original/clear,Unreviewed,56,Manual editorial review,Medium
ir-domains-of-dread,Domains Of Dread,domains-of-dread,GitHub,campaign-ideas/Horror/domains-of-dread,Horror,Active/genre,,22,28,Long,Original/clear,Unreviewed,59,Manual editorial review,Medium
ir-dont-lose-your-way,Dont Lose Your Way,dont-lose-your-way,GitHub,campaign-ideas/Sci-Fi/dont-lose-your-way,Sci-Fi,Active/genre,,11,14,Medium,Original/clear,Unreviewed,56,Manual editorial review,Medium
ir-dragonborn-ascendant,Dragonborn Ascendant,dragonborn-ascendant,GitHub,campaign-ideas/Completed/Fantasy/dragonborn-ascendant,Fantasy,Completed,,,,Unknown,Original/clear,Exact-slug candidate (2 packages),38,Add/identify primary campaign document,Low
ir-dragonborn-ascendant,Dragonborn Ascendant,dragonborn-ascendant,GitHub,campaign-ideas/Fantasy/dragonborn-ascendant,Fantasy,Active/genre,,25,35,Long,Original/clear,Exact-slug candidate (2 packages),59,Manual editorial review,Medium
ir-drunken-master-training,Drunken Master Training,drunken-master-training,GitHub,campaign-ideas/Completed/Fantasy/drunken-master-training,Fantasy,Completed,,,,Unknown,Original/clear,Exact-slug candidate (2 packages),38,Add/identify primary campaign document,Low
ir-drunken-master-training,Drunken Master Training,drunken-master-training,GitHub,campaign-ideas/Fantasy/drunken-master-training,Fantasy,Active/genre,,8,10,Short,Original/clear,Exact-slug candidate (2 packages),56,Manual editorial review,Medium
ir-dust-devils-due,Dust Devils Due,dust-devils-due,GitHub,campaign-ideas/Completed/Post-Apocalyptic/dust-devils-due,Post-Apocalyptic,Completed,,,,Unknown,Original/clear,Unreviewed,70,Manual editorial review,Medium
ir-earths-breath,Earths Breath,earths-breath,GitHub,campaign-ideas/Completed/Fantasy/earths-breath,Fantasy,Completed,,,,Unknown,Original/clear,Exact-slug candidate (2 packages),38,Add/identify primary campaign document,Low
ir-earths-breath,Earths Breath,earths-breath,GitHub,campaign-ideas/Fantasy/earths-breath,Fantasy,Active/genre,,26,26,Long,Original/clear,Exact-slug candidate (2 packages),63,Manual editorial review,Medium
ir-earths-memory,Earths Memory,earths-memory,GitHub,campaign-ideas/Completed/Fantasy/earths-memory,Fantasy,Completed,,,,Unknown,Original/clear,Exact-slug candidate (2 packages),38,Add/identify primary campaign document,Low
ir-earths-memory,Earths Memory,earths-memory,GitHub,campaign-ideas/Fantasy/earths-memory,Fantasy,Active/genre,,32,32,Long,Original/clear,Exact-slug candidate (2 packages),63,Manual editorial review,Medium
ir-echoes-of-eternity,Echoes Of Eternity,echoes-of-eternity,GitHub,campaign-ideas/Completed/Fantasy/echoes-of-eternity,Fantasy,Completed,,,,Unknown,Original/clear,Exact-slug candidate (2 packages),38,Add/identify primary campaign document,Low
ir-echoes-of-eternity,Echoes Of Eternity,echoes-of-eternity,GitHub,campaign-ideas/Fantasy/echoes-of-eternity,Fantasy,Active/genre,,,,Unknown,Original/clear,Exact-slug candidate (2 packages),55,Manual editorial review,Medium
ir-echoes-of-lavos,Echoes Of Lavos,echoes-of-lavos,GitHub,campaign-ideas/Completed/Fantasy/echoes-of-lavos,Fantasy,Completed,,,,Unknown,Needs transformation,Exact-slug candidate (2 packages),28,Add/identify primary campaign document,Low
ir-echoes-of-lavos,Echoes Of Lavos,echoes-of-lavos,GitHub,campaign-ideas/Fantasy/echoes-of-lavos,Fantasy,Active/genre,,20,25,Long,Needs transformation,Exact-slug candidate (2 packages),58,Manual editorial review,Medium
ir-echoes-of-the-dying-sun,Echoes Of The Dying Sun,echoes-of-the-dying-sun,GitHub,campaign-ideas/Sci-Fi/echoes-of-the-dying-sun,Sci-Fi,Active/genre,,14,20,Medium,Original/clear,Unreviewed,56,Manual editorial review,Medium
ir-echoes-of-the-first-dawn,Echoes Of The First Dawn,echoes-of-the-first-dawn,GitHub,campaign-ideas/Fantasy/echoes-of-the-first-dawn,Fantasy,Active/genre,,15,20,Medium,Original/clear,Unreviewed,61,Manual editorial review,Medium
ir-eco-wrath,Eco Wrath,eco-wrath,GitHub,campaign-ideas/Sci-Fi/eco-wrath,Sci-Fi,Active/genre,,,,Unknown,Original/clear,Unreviewed,51,Manual editorial review,Medium
ir-edm-rave-dimension,Edm Rave Dimension,edm-rave-dimension,GitHub,campaign-ideas/Completed/Fantasy/edm-rave-dimension,Fantasy,Completed,,,,Unknown,Original/clear,Exact-slug candidate (2 packages),38,Add/identify primary campaign document,Low
ir-edm-rave-dimension,Edm Rave Dimension,edm-rave-dimension,GitHub,campaign-ideas/Fantasy/edm-rave-dimension,Fantasy,Active/genre,,18,18,Medium,Needs transformation,Exact-slug candidate (2 packages),40,Manual editorial review,Medium
ir-empire-in-flames,Empire In Flames,empire-in-flames,GitHub,campaign-ideas/Completed/Fantasy/empire-in-flames,Fantasy,Completed,,,,Unknown,Original/clear,Exact-slug candidate (2 packages),38,Add/identify primary campaign document,Low
ir-empire-in-flames,Empire In Flames,empire-in-flames,GitHub,campaign-ideas/Fantasy/empire-in-flames,Fantasy,Active/genre,,20,26,Long,Original/clear,Exact-slug candidate (2 packages),56,Manual editorial review,Medium
ir-empire-of-ages,Empire Of Ages,empire-of-ages,GitHub,campaign-ideas/Historical/empire-of-ages,Historical,Active/genre,,25,30,Long,Original/clear,Unreviewed,56,Manual editorial review,Medium
ir-empire-of-endless-courses,Empire Of Endless Courses,empire-of-endless-courses,GitHub,campaign-ideas/Completed/Fantasy/empire-of-endless-courses,Fantasy,Completed,,,,Unknown,Original/clear,Exact-slug candidate (2 packages),38,Add/identify primary campaign document,Low
ir-empire-of-endless-courses,Empire Of Endless Courses,empire-of-endless-courses,GitHub,campaign-ideas/Fantasy/empire-of-endless-courses,Fantasy,Active/genre,,40,40,Epic,Original/clear,Exact-slug candidate (2 packages),60,Manual editorial review,Medium
ir-empire-of-the-steppes,Empire Of The Steppes,empire-of-the-steppes,GitHub,campaign-ideas/Historical/empire-of-the-steppes,Historical,Active/genre,,,,Unknown,Original/clear,Unreviewed,61,Manual editorial review,Medium
ir-enter-the-dragon,Enter The Dragon,enter-the-dragon,GitHub,campaign-ideas/Completed/Fantasy/enter-the-dragon,Fantasy,Completed,,,,Unknown,Needs transformation,Exact-slug candidate (2 packages),28,Add/identify primary campaign document,Low
ir-enter-the-dragon,Enter The Dragon,enter-the-dragon,GitHub,campaign-ideas/Fantasy/enter-the-dragon,Fantasy,Active/genre,,12,15,Medium,Needs transformation,Exact-slug candidate (2 packages),51,Manual editorial review,Medium
ir-epochs-unbound,Epochs Unbound,epochs-unbound,GitHub,campaign-ideas/Sci-Fi/epochs-unbound,Sci-Fi,Active/genre,,,,Unknown,Original/clear,Unreviewed,50,Manual editorial review,Medium
ir-escape-from-hell,Escape From Hell,escape-from-hell,GitHub,campaign-ideas/Completed/Fantasy/escape-from-hell,Fantasy,Completed,,,,Unknown,Needs transformation,Exact-slug candidate (2 packages),28,Add/identify primary campaign document,Low
ir-escape-from-hell,Escape From Hell,escape-from-hell,GitHub,campaign-ideas/Fantasy/escape-from-hell,Fantasy,Active/genre,,15,20,Medium,Original/clear,Exact-slug candidate (2 packages),59,Manual editorial review,Medium
ir-escape-from-zagreus,Escape From Zagreus,escape-from-zagreus,GitHub,campaign-ideas/Completed/Fantasy/escape-from-zagreus,Fantasy,Completed,,,,Unknown,Needs transformation,Exact-slug candidate (2 packages),28,Add/identify primary campaign document,Low
ir-escape-from-zagreus,Escape From Zagreus,escape-from-zagreus,GitHub,campaign-ideas/Fantasy/escape-from-zagreus,Fantasy,Active/genre,,16,24,Medium,Needs transformation,Exact-slug candidate (2 packages),49,Manual editorial review,Medium
ir-eternal-nations-reborn,Eternal Nations Reborn,eternal-nations-reborn,GitHub,campaign-ideas/Completed/Fantasy/eternal-nations-reborn,Fantasy,Completed,,,,Unknown,Original/clear,Exact-slug candidate (2 packages),38,Add/identify primary campaign document,Low
ir-eternal-nations-reborn,Eternal Nations Reborn,eternal-nations-reborn,GitHub,campaign-ideas/Fantasy/eternal-nations-reborn,Fantasy,Active/genre,,7,8,Short,Needs transformation,Exact-slug candidate (2 packages),55,Manual editorial review,Medium
ir-eternal-sleeves,Eternal Sleeves,eternal-sleeves,GitHub,campaign-ideas/Sci-Fi/eternal-sleeves,Sci-Fi,Active/genre,,30,30,Long,Original/clear,Unreviewed,50,Manual editorial review,Medium
ir-event-horizon-station,Event Horizon Station,event-horizon-station,GitHub,campaign-ideas/Horror/event-horizon-station,Horror,Active/genre,,6,8,Short,Original/clear,Unreviewed,56,Manual editorial review,Medium
ir-factions-of-sigil,Factions Of Sigil,factions-of-sigil,GitHub,campaign-ideas/Completed/Fantasy/factions-of-sigil,Fantasy,Completed,,,,Unknown,Needs transformation,Exact-slug candidate (2 packages),28,Add/identify primary campaign document,Low
ir-factions-of-sigil,Factions Of Sigil,factions-of-sigil,GitHub,campaign-ideas/Fantasy/factions-of-sigil,Fantasy,Active/genre,,25,30,Long,Needs transformation,Exact-slug candidate (2 packages),46,Manual editorial review,Medium
ir-fall-of-camelot,Fall Of Camelot,fall-of-camelot,GitHub,campaign-ideas/Completed/Fantasy/fall-of-camelot,Fantasy,Completed,,,,Unknown,Original/clear,Exact-slug candidate (2 packages),38,Add/identify primary campaign document,Low
ir-fall-of-camelot,Fall Of Camelot,fall-of-camelot,GitHub,campaign-ideas/Fantasy/fall-of-camelot,Fantasy,Active/genre,,15,20,Medium,Original/clear,Exact-slug candidate (2 packages),59,Manual editorial review,Medium
ir-fall-of-the-last-legion,Fall Of The Last Legion,fall-of-the-last-legion,GitHub,campaign-ideas/Historical/fall-of-the-last-legion,Historical,Active/genre,,12,15,Medium,Original/clear,Unreviewed,56,Manual editorial review,Medium
ir-fate-of-the-eternal-city,Fate Of The Eternal City,fate-of-the-eternal-city,GitHub,campaign-ideas/Historical/fate-of-the-eternal-city,Historical,Active/genre,,28,28,Long,Original/clear,Unreviewed,50,Manual editorial review,Medium
ir-fates-warning,Fates Warning,fates-warning,GitHub,campaign-ideas/Completed/Urban/fates-warning,Urban,Completed,,15,20,Medium,Original/clear,Unreviewed,73,Manual editorial review,Medium
ir-fearless-philosophy,Fearless Philosophy,fearless-philosophy,GitHub,campaign-ideas/Historical/fearless-philosophy,Historical,Active/genre,,12,15,Medium,Original/clear,Unreviewed,56,Manual editorial review,Medium
ir-fimbulwinters-chains,Fimbulwinters Chains,fimbulwinters-chains,GitHub,campaign-ideas/Completed/Fantasy/fimbulwinters-chains,Fantasy,Completed,,,,Unknown,Original/clear,Exact-slug candidate (2 packages),38,Add/identify primary campaign document,Low
ir-fimbulwinters-chains,Fimbulwinters Chains,fimbulwinters-chains,GitHub,campaign-ideas/Fantasy/fimbulwinters-chains,Fantasy,Active/genre,,15,20,Medium,Original/clear,Exact-slug candidate (2 packages),55,Manual editorial review,Medium
ir-fires-of-the-deep,Fires Of The Deep,fires-of-the-deep,GitHub,campaign-ideas/Completed/Fantasy/fires-of-the-deep,Fantasy,Completed,,,,Unknown,Original/clear,Exact-slug candidate (2 packages),38,Add/identify primary campaign document,Low
ir-fires-of-the-deep,Fires Of The Deep,fires-of-the-deep,GitHub,campaign-ideas/Fantasy/fires-of-the-deep,Fantasy,Active/genre,,26,34,Long,Original/clear,Exact-slug candidate (2 packages),50,Manual editorial review,Medium
ir-first-hundred-legacy,First Hundred Legacy,first-hundred-legacy,GitHub,campaign-ideas/Sci-Fi/first-hundred-legacy,Sci-Fi,Active/genre,,15,20,Medium,Original/clear,Unreviewed,50,Manual editorial review,Medium
ir-flavor-hunters-guild,Flavor Hunters Guild,flavor-hunters-guild,GitHub,campaign-ideas/Completed/Fantasy/flavor-hunters-guild,Fantasy,Completed,,,,Unknown,Original/clear,Exact-slug candidate (2 packages),38,Add/identify primary campaign document,Low
ir-flavor-hunters-guild,Flavor Hunters Guild,flavor-hunters-guild,GitHub,campaign-ideas/Fantasy/flavor-hunters-guild,Fantasy,Active/genre,,30,30,Long,Original/clear,Exact-slug candidate (2 packages),65,Manual editorial review,Medium
ir-forged-in-darkness,Forged In Darkness,forged-in-darkness,GitHub,campaign-ideas/Completed/Fantasy/forged-in-darkness,Fantasy,Completed,,,,Unknown,Original/clear,Exact-slug candidate (2 packages),38,Add/identify primary campaign document,Low
ir-forged-in-darkness,Forged In Darkness,forged-in-darkness,GitHub,campaign-ideas/Fantasy/forged-in-darkness,Fantasy,Active/genre,,6,8,Short,Original/clear,Exact-slug candidate (2 packages),58,Manual editorial review,Medium
ir-franxx-partners,Franxx Partners,franxx-partners,GitHub,campaign-ideas/Sci-Fi/franxx-partners,Sci-Fi,Active/genre,,12,15,Medium,Original/clear,Unreviewed,63,Manual editorial review,Medium
ir-freedom-or-death,Freedom Or Death,freedom-or-death,GitHub,campaign-ideas/Historical/freedom-or-death,Historical,Active/genre,,15,20,Medium,Original/clear,Unreviewed,50,Manual editorial review,Medium
ir-gates-of-uruk,Gates Of Uruk,gates-of-uruk,GitHub,campaign-ideas/Historical/gates-of-uruk,Historical,Active/genre,,14,18,Medium,Original/clear,Unreviewed,56,Manual editorial review,Medium
ir-gauna-tide-rising,Gauna Tide Rising,gauna-tide-rising,GitHub,campaign-ideas/Sci-Fi/gauna-tide-rising,Sci-Fi,Active/genre,,16,20,Medium,Original/clear,Unreviewed,63,Manual editorial review,Medium
ir-gearless,Gearless,gearless,GitHub,campaign-ideas/Sci-Fi/gearless,Sci-Fi,Active/genre,,15,20,Medium,Original/clear,Unreviewed,56,Manual editorial review,Medium
ir-gears-and-grimoires,Gears And Grimoires,gears-and-grimoires,GitHub,campaign-ideas/Fantasy/gears-and-grimoires,Fantasy,Active/genre,,9,11,Medium,Original/clear,Unreviewed,56,Manual editorial review,Medium
ir-gears-of-deus,Gears Of Deus,gears-of-deus,GitHub,campaign-ideas/Completed/Fantasy/gears-of-deus,Fantasy,Completed,,,,Unknown,Original/clear,Exact-slug candidate (2 packages),38,Add/identify primary campaign document,Low
ir-gears-of-deus,Gears Of Deus,gears-of-deus,GitHub,campaign-ideas/Fantasy/gears-of-deus,Fantasy,Active/genre,,25,30,Long,Original/clear,Exact-slug candidate (2 packages),65,Manual editorial review,Medium
ir-gears-of-the-republic,Gears Of The Republic,gears-of-the-republic,GitHub,campaign-ideas/Sci-Fi/gears-of-the-republic,Sci-Fi,Active/genre,,30,30,Long,Original/clear,Unreviewed,55,Manual editorial review,Medium
ir-geass-of-rebellion,Geass Of Rebellion,geass-of-rebellion,GitHub,campaign-ideas/Sci-Fi/geass-of-rebellion,Sci-Fi,Active/genre,,16,20,Medium,Needs transformation,Unreviewed,46,Manual editorial review,Medium
ir-genre-collapse,Genre Collapse,genre-collapse,GitHub,campaign-ideas/Completed/Fantasy/genre-collapse,Fantasy,Completed,,,,Unknown,Original/clear,Exact-slug candidate (2 packages),43,Add/identify primary campaign document,Low
ir-genre-collapse,Genre Collapse,genre-collapse,GitHub,campaign-ideas/Fantasy/genre-collapse,Fantasy,Active/genre,,30,30,Long,Original/clear,Exact-slug candidate (2 packages),50,Manual editorial review,Medium
ir-ghost-protocol,Ghost Protocol,ghost-protocol,GitHub,campaign-ideas/Sci-Fi/ghost-protocol,Sci-Fi,Active/genre,,28,28,Long,Original/clear,Unreviewed,57,Manual editorial review,Medium
ir-ghost-rock-frontier,Ghost Rock Frontier,ghost-rock-frontier,GitHub,campaign-ideas/Completed/Fantasy/ghost-rock-frontier,Fantasy,Completed,,,,Unknown,Original/clear,Exact-slug candidate (2 packages),38,Add/identify primary campaign document,Low
ir-ghost-rock-frontier,Ghost Rock Frontier,ghost-rock-frontier,GitHub,campaign-ideas/Fantasy/ghost-rock-frontier,Fantasy,Active/genre,,18,24,Long,Original/clear,Exact-slug candidate (2 packages),56,Manual editorial review,Medium
ir-ghost-who-walks,Ghost Who Walks,ghost-who-walks,GitHub,campaign-ideas/Completed/Adventure/ghost-who-walks,Adventure,Completed,,12,15,Medium,Original/clear,Unreviewed,77,Manual editorial review,Medium
ir-gold-and-vengeance,Gold And Vengeance,gold-and-vengeance,GitHub,campaign-ideas/Completed/Adventure/gold-and-vengeance,Adventure,Completed,,7,9,Short,Original/clear,Unreviewed,77,Manual editorial review,Medium
ir-goldport,Goldport,goldport,GitHub,campaign-ideas/Ideas-To-Expand/goldport,Ideas-To-Expand,Active/genre,,9,9,Short,Original/clear,Unreviewed,44,Add/identify primary campaign document,Low
ir-gravity-runners,Gravity Runners,gravity-runners,GitHub,campaign-ideas/Sci-Fi/gravity-runners,Sci-Fi,Active/genre,,30,30,Long,Needs transformation,Unreviewed,55,Manual editorial review,Medium
ir-grind-city-prophets,Grind City Prophets,grind-city-prophets,GitHub,campaign-ideas/Completed/Urban/grind-city-prophets,Urban,Completed,,20,20,Medium,Original/clear,Unreviewed,79,Manual editorial review,Medium
ir-guardians-of-the-aurora-gate,Guardians Of The Aurora Gate,guardians-of-the-aurora-gate,GitHub,campaign-ideas/Completed/Fantasy/guardians-of-the-aurora-gate,Fantasy,Completed,,,,Unknown,Original/clear,Exact-slug candidate (2 packages),38,Add/identify primary campaign document,Low
ir-guardians-of-the-aurora-gate,Guardians Of The Aurora Gate,guardians-of-the-aurora-gate,GitHub,campaign-ideas/Fantasy/guardians-of-the-aurora-gate,Fantasy,Active/genre,,,,Unknown,Original/clear,Exact-slug candidate (2 packages),51,Manual editorial review,Medium
ir-guardians-of-the-last-light,Guardians Of The Last Light,guardians-of-the-last-light,GitHub,campaign-ideas/Sci-Fi/guardians-of-the-last-light,Sci-Fi,Active/genre,,,,Unknown,Original/clear,Unreviewed,53,Manual editorial review,Medium
ir-guilty-pleasures,Guilty Pleasures,guilty-pleasures,GitHub,campaign-ideas/Fantasy/guilty-pleasures,Fantasy,Active/genre,,20,25,Long,Original/clear,Unreviewed,56,Manual editorial review,Medium
ir-guymelef-destinies,Guymelef Destinies,guymelef-destinies,GitHub,campaign-ideas/Completed/Fantasy/guymelef-destinies,Fantasy,Completed,,,,Unknown,Original/clear,Exact-slug candidate (2 packages),38,Add/identify primary campaign document,Low
ir-guymelef-destinies,Guymelef Destinies,guymelef-destinies,GitHub,campaign-ideas/Fantasy/guymelef-destinies,Fantasy,Active/genre,,12,15,Medium,Original/clear,Exact-slug candidate (2 packages),63,Manual editorial review,Medium
ir-harvest-of-hope,Harvest Of Hope,harvest-of-hope,GitHub,campaign-ideas/Completed/Fantasy/harvest-of-hope,Fantasy,Completed,,,,Unknown,Original/clear,Exact-slug candidate (2 packages),38,Add/identify primary campaign document,Low
ir-harvest-of-hope,Harvest Of Hope,harvest-of-hope,GitHub,campaign-ideas/Fantasy/harvest-of-hope,Fantasy,Active/genre,,20,30,Long,Original/clear,Exact-slug candidate (2 packages),56,Manual editorial review,Medium
ir-hearts-of-the-dragon-and-tiger,Hearts Of The Dragon And Tiger,hearts-of-the-dragon-and-tiger,GitHub,campaign-ideas/Completed/Fantasy/hearts-of-the-dragon-and-tiger,Fantasy,Completed,,,,Unknown,Needs transformation,Exact-slug candidate (2 packages),28,Add/identify primary campaign document,Low
ir-hearts-of-the-dragon-and-tiger,Hearts Of The Dragon And Tiger,hearts-of-the-dragon-and-tiger,GitHub,campaign-ideas/Fantasy/hearts-of-the-dragon-and-tiger,Fantasy,Active/genre,,8,10,Short,Needs transformation,Exact-slug candidate (2 packages),53,Manual editorial review,Medium
ir-heavy-metal-hell,Heavy Metal Hell,heavy-metal-hell,GitHub,campaign-ideas/Completed/Fantasy/heavy-metal-hell,Fantasy,Completed,,,,Unknown,Original/clear,Exact-slug candidate (2 packages),38,Add/identify primary campaign document,Low
ir-heavy-metal-hell,Heavy Metal Hell,heavy-metal-hell,GitHub,campaign-ideas/Fantasy/heavy-metal-hell,Fantasy,Active/genre,,25,25,Long,Original/clear,Exact-slug candidate (2 packages),65,Manual editorial review,Medium
ir-hero-nameless-warrior,Hero Nameless Warrior,hero-nameless-warrior,GitHub,campaign-ideas/Completed/Intrigue/hero-nameless-warrior,Intrigue,Completed,,12,15,Medium,Original/clear,Unreviewed,68,Manual editorial review,Medium
ir-hextech-revolution,Hextech Revolution,hextech-revolution,GitHub,campaign-ideas/Completed/Fantasy/hextech-revolution,Fantasy,Completed,,,,Unknown,Original/clear,Exact-slug candidate (2 packages),38,Add/identify primary campaign document,Low
ir-hextech-revolution,Hextech Revolution,hextech-revolution,GitHub,campaign-ideas/Fantasy/hextech-revolution,Fantasy,Active/genre,,15,22,Medium,Original/clear,Exact-slug candidate (2 packages),56,Manual editorial review,Medium
ir-hip-hop-street-empire,Hip Hop Street Empire,hip-hop-street-empire,GitHub,campaign-ideas/Completed/Urban/hip-hop-street-empire,Urban,Completed,,24,24,Long,Original/clear,Unreviewed,74,Manual editorial review,Medium
ir-houses-divided,Houses Divided,houses-divided,GitHub,campaign-ideas/Completed/Fantasy/houses-divided,Fantasy,Completed,,,,Unknown,Original/clear,Exact-slug candidate (2 packages),38,Add/identify primary campaign document,Low
ir-houses-divided,Houses Divided,houses-divided,GitHub,campaign-ideas/Fantasy/houses-divided,Fantasy,Active/genre,,18,18,Medium,Original/clear,Exact-slug candidate (2 packages),50,Manual editorial review,Medium
ir-impossible-heist-protocol,Impossible Heist Protocol,impossible-heist-protocol,GitHub,campaign-ideas/Completed/Adventure/impossible-heist-protocol,Adventure,Completed,,36,36,Epic,Original/clear,Unreviewed,84,Manual editorial review,Medium
ir-ink-and-blood,Ink And Blood,ink-and-blood,GitHub,campaign-ideas/Completed/Fantasy/ink-and-blood,Fantasy,Completed,,,,Unknown,Original/clear,Exact-slug candidate (2 packages),38,Add/identify primary campaign document,Low
ir-ink-and-blood,Ink And Blood,ink-and-blood,GitHub,campaign-ideas/Fantasy/ink-and-blood,Fantasy,Active/genre,,32,32,Long,Original/clear,Exact-slug candidate (2 packages),65,Manual editorial review,Medium
ir-interns-of-the-infernal-bureaucracy,Interns Of The Infernal Bureaucracy,interns-of-the-infernal-bureaucracy,GitHub,campaign-ideas/Fantasy/interns-of-the-infernal-bureaucracy,Fantasy,Active/genre,,6,8,Short,Original/clear,Unreviewed,56,Manual editorial review,Medium
ir-ip-man-protector,Ip Man Protector,ip-man-protector,GitHub,campaign-ideas/Historical/ip-man-protector,Historical,Active/genre,,12,15,Medium,Needs transformation,Unreviewed,46,Manual editorial review,Medium
ir-iron-exodus,Iron Exodus,iron-exodus,GitHub,campaign-ideas/Sci-Fi/iron-exodus,Sci-Fi,Active/genre,,28,28,Long,Original/clear,Unreviewed,57,Manual editorial review,Medium
ir-jaeger-protocol,Jaeger Protocol,jaeger-protocol,GitHub,campaign-ideas/Sci-Fi/jaeger-protocol,Sci-Fi,Active/genre,,,,Unknown,Original/clear,Unreviewed,47,Manual editorial review,Medium
ir-jazz-noir-city,Jazz Noir City,jazz-noir-city,GitHub,campaign-ideas/Completed/Urban/jazz-noir-city,Urban,Completed,,20,20,Medium,Original/clear,Unreviewed,84,Manual editorial review,Medium
ir-jotunheim-saga,Jotunheim Saga,jotunheim-saga,GitHub,campaign-ideas/Completed/Fantasy/jotunheim-saga,Fantasy,Completed,,,,Unknown,Original/clear,Exact-slug candidate (2 packages),38,Add/identify primary campaign document,Low
ir-jotunheim-saga,Jotunheim Saga,jotunheim-saga,GitHub,campaign-ideas/Fantasy/jotunheim-saga,Fantasy,Active/genre,,30,40,Long,Original/clear,Exact-slug candidate (2 packages),57,Manual editorial review,Medium
ir-journey-of-the-monkey-king,Journey Of The Monkey King,journey-of-the-monkey-king,GitHub,campaign-ideas/Completed/Fantasy/journey-of-the-monkey-king,Fantasy,Completed,,,,Unknown,Original/clear,Exact-slug candidate (2 packages),38,Add/identify primary campaign document,Low
ir-journey-of-the-monkey-king,Journey Of The Monkey King,journey-of-the-monkey-king,GitHub,campaign-ideas/Fantasy/journey-of-the-monkey-king,Fantasy,Active/genre,,15,20,Medium,Original/clear,Exact-slug candidate (2 packages),56,Manual editorial review,Medium
ir-journey-to-the-inner-world,Journey To The Inner World,journey-to-the-inner-world,GitHub,campaign-ideas/Completed/Adventure/journey-to-the-inner-world,Adventure,Completed,,6,8,Short,Original/clear,Unreviewed,80,Manual editorial review,Medium
ir-journey-to-the-western-paradise,Journey To The Western Paradise,journey-to-the-western-paradise,GitHub,campaign-ideas/Completed/Fantasy/journey-to-the-western-paradise,Fantasy,Completed,,,,Unknown,Original/clear,Exact-slug candidate (2 packages),38,Add/identify primary campaign document,Low
ir-journey-to-the-western-paradise,Journey To The Western Paradise,journey-to-the-western-paradise,GitHub,campaign-ideas/Fantasy/journey-to-the-western-paradise,Fantasy,Active/genre,,40,40,Epic,Original/clear,Exact-slug candidate (2 packages),50,Manual editorial review,Medium
ir-journey-to-the-world,Journey To The World,journey-to-the-world,GitHub,campaign-ideas/Completed/Fantasy/journey-to-the-world,Fantasy,Completed,,,,Unknown,Original/clear,Exact-slug candidate (2 packages),43,Add/identify primary campaign document,Low
ir-journey-to-the-world,Journey To The World,journey-to-the-world,GitHub,campaign-ideas/Fantasy/journey-to-the-world,Fantasy,Active/genre,,40,40,Epic,Original/clear,Exact-slug candidate (2 packages),57,Manual editorial review,Medium
ir-just-one-more-thing,Just One More Thing,just-one-more-thing,GitHub,campaign-ideas/Completed/Mystery/just-one-more-thing,Mystery,Completed,,2,4,Micro/one-shot,Original/clear,Unreviewed,77,Manual editorial review,Medium
ir-k-pop-idol-academy,K Pop Idol Academy,k-pop-idol-academy,GitHub,campaign-ideas/Completed/Fantasy/k-pop-idol-academy,Fantasy,Completed,,,,Unknown,Original/clear,Exact-slug candidate (2 packages),38,Add/identify primary campaign document,Low
ir-k-pop-idol-academy,K Pop Idol Academy,k-pop-idol-academy,GitHub,campaign-ideas/Fantasy/k-pop-idol-academy,Fantasy,Active/genre,,30,30,Long,Original/clear,Exact-slug candidate (2 packages),50,Manual editorial review,Medium
ir-kart-champions-circuit,Kart Champions Circuit,kart-champions-circuit,GitHub,campaign-ideas/Completed/Fantasy/kart-champions-circuit,Fantasy,Completed,,,,Unknown,Original/clear,Exact-slug candidate (2 packages),38,Add/identify primary campaign document,Low
ir-kart-champions-circuit,Kart Champions Circuit,kart-champions-circuit,GitHub,campaign-ideas/Fantasy/kart-champions-circuit,Fantasy,Active/genre,,15,20,Medium,Original/clear,Exact-slug candidate (2 packages),59,Manual editorial review,Medium
ir-khans-unstoppable-horde,Khans Unstoppable Horde,khans-unstoppable-horde,GitHub,campaign-ideas/Historical/khans-unstoppable-horde,Historical,Active/genre,,12,15,Medium,Original/clear,Unreviewed,56,Manual editorial review,Medium
ir-kingdom-of-tomorrow,Kingdom Of Tomorrow,kingdom-of-tomorrow,GitHub,campaign-ideas/Completed/Fantasy/kingdom-of-tomorrow,Fantasy,Completed,,,,Unknown,Original/clear,Exact-slug candidate (2 packages),38,Add/identify primary campaign document,Low
ir-kingdom-of-tomorrow,Kingdom Of Tomorrow,kingdom-of-tomorrow,GitHub,campaign-ideas/Fantasy/kingdom-of-tomorrow,Fantasy,Active/genre,,,,Unknown,Original/clear,Exact-slug candidate (2 packages),53,Manual editorial review,Medium
ir-kingdoms-of-the-droplet,Kingdoms Of The Droplet,kingdoms-of-the-droplet,GitHub,campaign-ideas/Completed/Fantasy/kingdoms-of-the-droplet,Fantasy,Completed,,,,Unknown,Original/clear,Exact-slug candidate (2 packages),38,Add/identify primary campaign document,Low
ir-kingdoms-of-the-droplet,Kingdoms Of The Droplet,kingdoms-of-the-droplet,GitHub,campaign-ideas/Fantasy/kingdoms-of-the-droplet,Fantasy,Active/genre,,22,22,Long,Original/clear,Exact-slug candidate (2 packages),50,Manual editorial review,Medium
ir-kingsmen-of-the-crystal-crown,Kingsmen Of The Crystal Crown,kingsmen-of-the-crystal-crown,GitHub,campaign-ideas/Completed/Fantasy/kingsmen-of-the-crystal-crown,Fantasy,Completed,,,,Unknown,Original/clear,Exact-slug candidate (2 packages),38,Add/identify primary campaign document,Low
ir-kingsmen-of-the-crystal-crown,Kingsmen Of The Crystal Crown,kingsmen-of-the-crystal-crown,GitHub,campaign-ideas/Fantasy/kingsmen-of-the-crystal-crown,Fantasy,Active/genre,,32,32,Long,Original/clear,Exact-slug candidate (2 packages),60,Manual editorial review,Medium
ir-l-space-wanderers,L Space Wanderers,l-space-wanderers,GitHub,campaign-ideas/Completed/Fantasy/l-space-wanderers,Fantasy,Completed,,,,Unknown,Original/clear,Exact-slug candidate (2 packages),43,Add/identify primary campaign document,Low
ir-l-space-wanderers,L Space Wanderers,l-space-wanderers,GitHub,campaign-ideas/Fantasy/l-space-wanderers,Fantasy,Active/genre,,33,33,Long,Original/clear,Exact-slug candidate (2 packages),50,Manual editorial review,Medium
ir-lagoon-company-chronicles,Lagoon Company Chronicles,lagoon-company-chronicles,GitHub,campaign-ideas/Completed/Urban/lagoon-company-chronicles,Urban,Completed,,10,13,Medium,Original/clear,Unreviewed,75,Manual editorial review,Medium
ir-lambda-driver-protocols,Lambda Driver Protocols,lambda-driver-protocols,GitHub,campaign-ideas/Sci-Fi/lambda-driver-protocols,Sci-Fi,Active/genre,,12,15,Medium,Original/clear,Unreviewed,63,Manual editorial review,Medium
ir-legacy-of-the-mach-5,Legacy Of The Mach 5,legacy-of-the-mach-5,GitHub,campaign-ideas/Sci-Fi/legacy-of-the-mach-5,Sci-Fi,Active/genre,,20,25,Long,Original/clear,Unreviewed,56,Manual editorial review,Medium
ir-lightless-gardens,Lightless Gardens,lightless-gardens,GitHub,campaign-ideas/Completed/Fantasy/lightless-gardens,Fantasy,Completed,,,,Unknown,Original/clear,Exact-slug candidate (2 packages),38,Add/identify primary campaign document,Low
ir-lightless-gardens,Lightless Gardens,lightless-gardens,GitHub,campaign-ideas/Fantasy/lightless-gardens,Fantasy,Active/genre,,16,24,Medium,Original/clear,Exact-slug candidate (2 packages),56,Manual editorial review,Medium
ir-lightnings-chosen,Lightnings Chosen,lightnings-chosen,GitHub,campaign-ideas/Completed/Fantasy/lightnings-chosen,Fantasy,Completed,,,,Unknown,Original/clear,Exact-slug candidate (2 packages),38,Add/identify primary campaign document,Low
ir-lightnings-chosen,Lightnings Chosen,lightnings-chosen,GitHub,campaign-ideas/Fantasy/lightnings-chosen,Fantasy,Active/genre,,,,Unknown,Original/clear,Exact-slug candidate (2 packages),51,Manual editorial review,Medium
ir-lo-fi-study-dimension,Lo Fi Study Dimension,lo-fi-study-dimension,GitHub,campaign-ideas/Completed/Fantasy/lo-fi-study-dimension,Fantasy,Completed,,,,Unknown,Original/clear,Exact-slug candidate (2 packages),43,Add/identify primary campaign document,Low
ir-lo-fi-study-dimension,Lo Fi Study Dimension,lo-fi-study-dimension,GitHub,campaign-ideas/Fantasy/lo-fi-study-dimension,Fantasy,Active/genre,,12,12,Medium,Original/clear,Exact-slug candidate (2 packages),50,Manual editorial review,Medium
ir-lord-of-the-jungle,Lord Of The Jungle,lord-of-the-jungle,GitHub,campaign-ideas/Completed/Adventure/lord-of-the-jungle,Adventure,Completed,,12,15,Medium,Original/clear,Unreviewed,80,Manual editorial review,Medium
ir-lords-of-the-shattered-ring,Lords Of The Shattered Ring,lords-of-the-shattered-ring,GitHub,campaign-ideas/Completed/Fantasy/lords-of-the-shattered-ring,Fantasy,Completed,,,,Unknown,Original/clear,Exact-slug candidate (2 packages),38,Add/identify primary campaign document,Low
ir-lords-of-the-shattered-ring,Lords Of The Shattered Ring,lords-of-the-shattered-ring,GitHub,campaign-ideas/Fantasy/lords-of-the-shattered-ring,Fantasy,Active/genre,,30,45,Epic,Original/clear,Exact-slug candidate (2 packages),56,Manual editorial review,Medium
ir-lost-battalion,Lost Battalion,lost-battalion,GitHub,campaign-ideas/Sci-Fi/lost-battalion,Sci-Fi,Active/genre,,12,16,Medium,Original/clear,Unreviewed,56,Manual editorial review,Medium
ir-magma-heart-rebellion,Magma Heart Rebellion,magma-heart-rebellion,GitHub,campaign-ideas/Completed/Fantasy/magma-heart-rebellion,Fantasy,Completed,,,,Unknown,Original/clear,Exact-slug candidate (2 packages),38,Add/identify primary campaign document,Low
ir-magma-heart-rebellion,Magma Heart Rebellion,magma-heart-rebellion,GitHub,campaign-ideas/Fantasy/magma-heart-rebellion,Fantasy,Active/genre,,8,8,Short,Original/clear,Exact-slug candidate (2 packages),61,Manual editorial review,Medium
ir-man-of-bronze,Man Of Bronze,man-of-bronze,GitHub,campaign-ideas/Completed/Adventure/man-of-bronze,Adventure,Completed,,12,15,Medium,Original/clear,Unreviewed,80,Manual editorial review,Medium
ir-mark-of-the-fox,Mark Of The Fox,mark-of-the-fox,GitHub,campaign-ideas/Completed/Adventure/mark-of-the-fox,Adventure,Completed,,12,15,Medium,Original/clear,Unreviewed,71,Manual editorial review,Medium
ir-masks-and-shadows,Masks And Shadows,masks-and-shadows,GitHub,campaign-ideas/Completed/Fantasy/masks-and-shadows,Fantasy,Completed,,,,Unknown,Original/clear,Exact-slug candidate (2 packages),38,Add/identify primary campaign document,Low
ir-masks-and-shadows,Masks And Shadows,masks-and-shadows,GitHub,campaign-ideas/Fantasy/masks-and-shadows,Fantasy,Active/genre,,8,10,Short,Original/clear,Exact-slug candidate (2 packages),63,Manual editorial review,Medium
ir-metaverse-exodus,Metaverse Exodus,metaverse-exodus,GitHub,campaign-ideas/Sci-Fi/metaverse-exodus,Sci-Fi,Active/genre,,26,26,Long,Original/clear,Unreviewed,54,Manual editorial review,Medium
ir-metaverse-ronin,Metaverse Ronin,metaverse-ronin,GitHub,campaign-ideas/Sci-Fi/metaverse-ronin,Sci-Fi,Active/genre,,10,12,Medium,Original/clear,Unreviewed,56,Manual editorial review,Medium
ir-midnight-chrome,Midnight Chrome,midnight-chrome,GitHub,campaign-ideas/Sci-Fi/midnight-chrome,Sci-Fi,Active/genre,,24,24,Long,Original/clear,Unreviewed,60,Manual editorial review,Medium
ir-mind-of-the-monster,Mind Of The Monster,mind-of-the-monster,GitHub,campaign-ideas/Completed/Mystery/mind-of-the-monster,Mystery,Completed,,30,40,Long,Original/clear,Unreviewed,67,Manual editorial review,Medium
ir-mobile-infantry,Mobile Infantry,mobile-infantry,GitHub,campaign-ideas/Sci-Fi/mobile-infantry,Sci-Fi,Active/genre,,10,14,Medium,Original/clear,Unreviewed,56,Manual editorial review,Medium
ir-monopolis-rising,Monopolis Rising,monopolis-rising,GitHub,campaign-ideas/Completed/Fantasy/monopolis-rising,Fantasy,Completed,,,,Unknown,Original/clear,Exact-slug candidate (2 packages),43,Add/identify primary campaign document,Low
ir-monopolis-rising,Monopolis Rising,monopolis-rising,GitHub,campaign-ideas/Fantasy/monopolis-rising,Fantasy,Active/genre,,25,25,Long,Original/clear,Exact-slug candidate (2 packages),53,Manual editorial review,Medium
ir-monster-island-expedition,Monster Island Expedition,monster-island-expedition,GitHub,campaign-ideas/Sci-Fi/monster-island-expedition,Sci-Fi,Active/genre,,,,Unknown,Original/clear,Unreviewed,47,Manual editorial review,Medium
ir-monsters-under-the-bed,Monsters Under The Bed,monsters-under-the-bed,GitHub,campaign-ideas/Horror/monsters-under-the-bed,Horror,Active/genre,,24,24,Long,Original/clear,Unreviewed,57,Manual editorial review,Medium
ir-most-wanted-blacklist,Most Wanted Blacklist,most-wanted-blacklist,GitHub,campaign-ideas/Completed/Urban/most-wanted-blacklist,Urban,Completed,,15,20,Medium,Original/clear,Unreviewed,77,Manual editorial review,Medium
ir-motes-in-the-giants-eye,Motes In The Giants Eye,motes-in-the-giants-eye,GitHub,campaign-ideas/Completed/Fantasy/motes-in-the-giants-eye,Fantasy,Completed,,,,Unknown,Original/clear,Exact-slug candidate (2 packages),43,Add/identify primary campaign document,Low
ir-motes-in-the-giants-eye,Motes In The Giants Eye,motes-in-the-giants-eye,GitHub,campaign-ideas/Fantasy/motes-in-the-giants-eye,Fantasy,Active/genre,,20,20,Medium,Original/clear,Exact-slug candidate (2 packages),60,Manual editorial review,Medium
ir-mountain-pass-legends,Mountain Pass Legends,mountain-pass-legends,GitHub,campaign-ideas/Completed/Adventure/mountain-pass-legends,Adventure,Completed,,15,20,Medium,Original/clear,Unreviewed,80,Manual editorial review,Medium
ir-murder-on-the-astral-express,Murder On The Astral Express,murder-on-the-astral-express,GitHub,campaign-ideas/Completed/Mystery/murder-on-the-astral-express,Mystery,Completed,,30,40,Long,Original/clear,Unreviewed,84,Manual editorial review,Medium
ir-music-of-the-haunted-opera,Music Of The Haunted Opera,music-of-the-haunted-opera,GitHub,campaign-ideas/Horror/music-of-the-haunted-opera,Horror,Active/genre,,12,15,Medium,Original/clear,Unreviewed,56,Manual editorial review,Medium
ir-neo-tokyo-awakening,Neo Tokyo Awakening,neo-tokyo-awakening,GitHub,campaign-ideas/Sci-Fi/neo-tokyo-awakening,Sci-Fi,Active/genre,,20,20,Medium,Original/clear,Unreviewed,50,Manual editorial review,Medium
ir-neon-shadows,Neon Shadows,neon-shadows,GitHub,campaign-ideas/Sci-Fi/neon-shadows,Sci-Fi,Active/genre,,16,22,Medium,Original/clear,Unreviewed,56,Manual editorial review,Medium
ir-neon-throne-rising,Neon Throne Rising,neon-throne-rising,GitHub,campaign-ideas/Sci-Fi/neon-throne-rising,Sci-Fi,Active/genre,,7,8,Short,Original/clear,Unreviewed,68,Manual editorial review,Medium
ir-netrunners-edge,Netrunners Edge,netrunners-edge,GitHub,campaign-ideas/Sci-Fi/netrunners-edge,Sci-Fi,Active/genre,,10,12,Medium,Original/clear,Unreviewed,56,Manual editorial review,Medium
ir-neural-drift,Neural Drift,neural-drift,GitHub,campaign-ideas/Sci-Fi/neural-drift,Sci-Fi,Active/genre,,20,20,Medium,Original/clear,Unreviewed,44,Manual editorial review,Medium
ir-nights-of-blood,Nights Of Blood,nights-of-blood,GitHub,campaign-ideas/Horror/nights-of-blood,Horror,Active/genre,,20,25,Long,Original/clear,Unreviewed,56,Manual editorial review,Medium
ir-no-day-but-today,No Day But Today,no-day-but-today,GitHub,campaign-ideas/Completed/Urban/no-day-but-today,Urban,Completed,,12,15,Medium,Original/clear,Unreviewed,72,Manual editorial review,Medium
ir-oath-of-the-forgotten,Oath Of The Forgotten,oath-of-the-forgotten,GitHub,campaign-ideas/Completed/Fantasy/oath-of-the-forgotten,Fantasy,Completed,,,,Unknown,Original/clear,Exact-slug candidate (2 packages),38,Add/identify primary campaign document,Low
ir-oath-of-the-forgotten,Oath Of The Forgotten,oath-of-the-forgotten,GitHub,campaign-ideas/Fantasy/oath-of-the-forgotten,Fantasy,Active/genre,,8,8,Short,Needs transformation,Exact-slug candidate (2 packages),48,Manual editorial review,Medium
ir-oaths-of-the-radiant,Oaths Of The Radiant,oaths-of-the-radiant,GitHub,campaign-ideas/Completed/Fantasy/oaths-of-the-radiant,Fantasy,Completed,,,,Unknown,Needs transformation,Exact-slug candidate (2 packages),28,Add/identify primary campaign document,Low
ir-oaths-of-the-radiant,Oaths Of The Radiant,oaths-of-the-radiant,GitHub,campaign-ideas/Fantasy/oaths-of-the-radiant,Fantasy,Active/genre,,,,Unknown,Needs transformation,Exact-slug candidate (2 packages),48,Manual editorial review,Medium
ir-obey-and-consume,Obey And Consume,obey-and-consume,GitHub,campaign-ideas/Sci-Fi/obey-and-consume,Sci-Fi,Active/genre,,15,20,Medium,Original/clear,Unreviewed,56,Manual editorial review,Medium
ir-objection-your-honorificence,Objection Your Honorificence,objection-your-honorificence,GitHub,campaign-ideas/Completed/Mystery/objection-your-honorificence,Mystery,Completed,,8,10,Short,Original/clear,Unreviewed,73,Manual editorial review,Medium
ir-objection-your-infernal-honor,Objection Your Infernal Honor,objection-your-infernal-honor,GitHub,campaign-ideas/Ideas-To-Expand/objection-your-infernal-honor,Ideas-To-Expand,Active/genre,,,,Unknown,Original/clear,Unreviewed,26,Add/identify primary campaign document,Low
ir-one-year-war,One Year War,one-year-war,GitHub,campaign-ideas/Sci-Fi/one-year-war,Sci-Fi,Active/genre,,16,20,Medium,Original/clear,Unreviewed,62,Manual editorial review,Medium
ir-onett-anomalies,Onett Anomalies,onett-anomalies,GitHub,campaign-ideas/Horror/onett-anomalies,Horror,Active/genre,,15,20,Medium,Original/clear,Unreviewed,65,Manual editorial review,Medium
ir-ong-bak-sacred-guardian,Ong Bak Sacred Guardian,ong-bak-sacred-guardian,GitHub,campaign-ideas/Completed/Adventure/ong-bak-sacred-guardian,Adventure,Completed,,8,10,Short,Needs transformation,Unreviewed,63,Manual editorial review,Medium
ir-operation-cold-harbor,Operation Cold Harbor,operation-cold-harbor,GitHub,campaign-ideas/Horror/operation-cold-harbor,Horror,Active/genre,,6,8,Short,Original/clear,Unreviewed,58,Manual editorial review,Medium
ir-operation-dragonmark,Operation Dragonmark,operation-dragonmark,GitHub,campaign-ideas/Completed/Intrigue/operation-dragonmark,Intrigue,Completed,,30,30,Long,Original/clear,Unreviewed,80,Manual editorial review,Medium
ir-operation-family-deception,Operation Family Deception,operation-family-deception,GitHub,campaign-ideas/Completed/Intrigue/operation-family-deception,Intrigue,Completed,,30,30,Long,Original/clear,Unreviewed,74,Manual editorial review,Medium
ir-order-of-the-excavation,Order Of The Excavation,order-of-the-excavation,GitHub,campaign-ideas/Completed/Adventure/order-of-the-excavation,Adventure,Completed,,14,18,Medium,Original/clear,Unreviewed,73,Manual editorial review,Medium
ir-petri-dish-empires,Petri Dish Empires,petri-dish-empires,GitHub,campaign-ideas/Sci-Fi/petri-dish-empires,Sci-Fi,Active/genre,,20,20,Medium,Original/clear,Unreviewed,55,Manual editorial review,Medium
ir-pierce-the-heavens,Pierce The Heavens,pierce-the-heavens,GitHub,campaign-ideas/Sci-Fi/pierce-the-heavens,Sci-Fi,Active/genre,,16,20,Medium,Original/clear,Unreviewed,63,Manual editorial review,Medium
ir-pilgrims-of-the-shrike,Pilgrims Of The Shrike,pilgrims-of-the-shrike,GitHub,campaign-ideas/Sci-Fi/pilgrims-of-the-shrike,Sci-Fi,Active/genre,,16,20,Medium,Original/clear,Unreviewed,59,Manual editorial review,Medium
ir-pneumatic-league,Pneumatic League,pneumatic-league,GitHub,campaign-ideas/Historical/pneumatic-league,Historical,Active/genre,,28,28,Long,Original/clear,Unreviewed,53,Manual editorial review,Medium
ir-possum-springs-nightmare,Possum Springs Nightmare,possum-springs-nightmare,GitHub,campaign-ideas/Horror/possum-springs-nightmare,Horror,Active/genre,,15,20,Medium,Original/clear,Unreviewed,56,Manual editorial review,Medium
ir-powder-revolution,Powder Revolution,powder-revolution,GitHub,campaign-ideas/Completed/Fantasy/powder-revolution,Fantasy,Completed,,,,Unknown,Original/clear,Exact-slug candidate (2 packages),43,Add/identify primary campaign document,Low
ir-powder-revolution,Powder Revolution,powder-revolution,GitHub,campaign-ideas/Fantasy/powder-revolution,Fantasy,Active/genre,,22,22,Long,Original/clear,Exact-slug candidate (2 packages),60,Manual editorial review,Medium
ir-princess-of-barsoom,Princess Of Barsoom,princess-of-barsoom,GitHub,campaign-ideas/Sci-Fi/princess-of-barsoom,Sci-Fi,Active/genre,,12,15,Medium,Original/clear,Unreviewed,59,Manual editorial review,Medium
ir-project-mayhem-rising,Project Mayhem Rising,project-mayhem-rising,GitHub,campaign-ideas/Completed/Intrigue/project-mayhem-rising,Intrigue,Completed,,15,20,Medium,Original/clear,Unreviewed,73,Manual editorial review,Medium
ir-punk-rock-rebellion,Punk Rock Rebellion,punk-rock-rebellion,GitHub,campaign-ideas/Urban/punk-rock-rebellion,Urban,Active/genre,,20,20,Medium,Original/clear,Unreviewed,50,Manual editorial review,Medium
ir-quest-for-immortality,Quest For Immortality,quest-for-immortality,GitHub,campaign-ideas/Historical/quest-for-immortality,Historical,Active/genre,,25,25,Long,Original/clear,Unreviewed,50,Manual editorial review,Medium
ir-rank-and-deception,Rank And Deception,rank-and-deception,GitHub,campaign-ideas/Completed/Intrigue/rank-and-deception,Intrigue,Completed,,28,28,Long,Original/clear,Unreviewed,62,Manual editorial review,Medium
ir-rapture-rising,Rapture Rising,rapture-rising,GitHub,campaign-ideas/Sci-Fi/rapture-rising,Sci-Fi,Active/genre,,30,30,Long,Original/clear,Unreviewed,50,Manual editorial review,Medium
ir-raptures-fall,Raptures Fall,raptures-fall,GitHub,campaign-ideas/Sci-Fi/raptures-fall,Sci-Fi,Active/genre,,18,24,Long,Original/clear,Unreviewed,56,Manual editorial review,Medium
ir-reaching-one-hundred-percent,Reaching One Hundred Percent,reaching-one-hundred-percent,GitHub,campaign-ideas/Urban/reaching-one-hundred-percent,Urban,Active/genre,,10,13,Medium,Original/clear,Unreviewed,56,Manual editorial review,Medium
ir-reality-corrupted,Reality Corrupted,reality-corrupted,GitHub,campaign-ideas/Sci-Fi/reality-corrupted,Sci-Fi,Active/genre,,18,25,Long,Original/clear,Unreviewed,53,Manual editorial review,Medium
ir-reapers-of-the-veil,Reapers Of The Veil,reapers-of-the-veil,GitHub,campaign-ideas/Completed/Fantasy/reapers-of-the-veil,Fantasy,Completed,,,,Unknown,Original/clear,Exact-slug candidate (2 packages),43,Add/identify primary campaign document,Low
ir-reapers-of-the-veil,Reapers Of The Veil,reapers-of-the-veil,GitHub,campaign-ideas/Fantasy/reapers-of-the-veil,Fantasy,Active/genre,,20,25,Long,Original/clear,Exact-slug candidate (2 packages),59,Manual editorial review,Medium
ir-rebellion-of-zero,Rebellion Of Zero,rebellion-of-zero,GitHub,campaign-ideas/Sci-Fi/rebellion-of-zero,Sci-Fi,Active/genre,,14,17,Medium,Original/clear,Unreviewed,56,Manual editorial review,Medium
ir-red-winter-rising,Red Winter Rising,red-winter-rising,GitHub,campaign-ideas/Historical/red-winter-rising,Historical,Active/genre,,10,12,Medium,Original/clear,Unreviewed,56,Manual editorial review,Medium
ir-releasing-control-art,Releasing Control Art,releasing-control-art,GitHub,campaign-ideas/Horror/releasing-control-art,Horror,Active/genre,,11,14,Medium,Original/clear,Unreviewed,56,Manual editorial review,Medium
ir-retrograde-catastrophe,Retrograde Catastrophe,retrograde-catastrophe,GitHub,campaign-ideas/Completed/Fantasy/retrograde-catastrophe,Fantasy,Completed,,,,Unknown,Original/clear,Exact-slug candidate (2 packages),43,Add/identify primary campaign document,Low
ir-retrograde-catastrophe,Retrograde Catastrophe,retrograde-catastrophe,GitHub,campaign-ideas/Fantasy/retrograde-catastrophe,Fantasy,Active/genre,,18,18,Medium,Original/clear,Exact-slug candidate (2 packages),55,Manual editorial review,Medium
ir-riddle-of-steel,Riddle Of Steel,riddle-of-steel,GitHub,campaign-ideas/Completed/Fantasy/riddle-of-steel,Fantasy,Completed,,,,Unknown,Original/clear,Exact-slug candidate (2 packages),43,Add/identify primary campaign document,Low
ir-riddle-of-steel,Riddle Of Steel,riddle-of-steel,GitHub,campaign-ideas/Fantasy/riddle-of-steel,Fantasy,Active/genre,,10,14,Medium,Original/clear,Exact-slug candidate (2 packages),56,Manual editorial review,Medium
ir-riders-of-alagaesia,Riders Of Alagaesia,riders-of-alagaesia,GitHub,campaign-ideas/Completed/Fantasy/riders-of-alagaesia,Fantasy,Completed,,,,Unknown,Needs transformation,Exact-slug candidate (2 packages),33,Add/identify primary campaign document,Low
ir-riders-of-alagaesia,Riders Of Alagaesia,riders-of-alagaesia,GitHub,campaign-ideas/Fantasy/riders-of-alagaesia,Fantasy,Active/genre,,16,20,Medium,Needs transformation,Exact-slug candidate (2 packages),40,Manual editorial review,Medium
ir-rimward-runners,Rimward Runners,rimward-runners,GitHub,campaign-ideas/Sci-Fi/rimward-runners,Sci-Fi,Active/genre,,28,28,Long,Needs transformation,Unreviewed,46,Manual editorial review,Medium
ir-rivers-of-london,Rivers Of London,rivers-of-london,GitHub,campaign-ideas/Urban/rivers-of-london,Urban,Active/genre,,15,20,Medium,Original/clear,Unreviewed,56,Manual editorial review,Medium
ir-road-warriors-of-the-wasteland,Road Warriors Of The Wasteland,road-warriors-of-the-wasteland,GitHub,campaign-ideas/Completed/Post-Apocalyptic/road-warriors-of-the-wasteland,Post-Apocalyptic,Completed,,15,20,Medium,Original/clear,Unreviewed,73,Manual editorial review,Medium
ir-rose-city-warlords,Rose City Warlords,rose-city-warlords,GitHub,campaign-ideas/Completed/Post-Apocalyptic/rose-city-warlords,Post-Apocalyptic,Completed,,,,Unknown,Original/clear,Unreviewed,65,Manual editorial review,Medium
ir-rosemary-and-rue,Rosemary And Rue,rosemary-and-rue,GitHub,campaign-ideas/Urban/rosemary-and-rue,Urban,Active/genre,,15,20,Medium,Original/clear,Unreviewed,59,Manual editorial review,Medium
ir-saga-of-the-northmen,Saga Of The Northmen,saga-of-the-northmen,GitHub,campaign-ideas/Historical/saga-of-the-northmen,Historical,Active/genre,,20,25,Long,Original/clear,Unreviewed,56,Manual editorial review,Medium
ir-saga-of-the-stone-born,Saga Of The Stone Born,saga-of-the-stone-born,GitHub,campaign-ideas/Completed/Fantasy/saga-of-the-stone-born,Fantasy,Completed,,,,Unknown,Original/clear,Exact-slug candidate (2 packages),43,Add/identify primary campaign document,Low
ir-saga-of-the-stone-born,Saga Of The Stone Born,saga-of-the-stone-born,GitHub,campaign-ideas/Fantasy/saga-of-the-stone-born,Fantasy,Active/genre,,12,15,Medium,Original/clear,Exact-slug candidate (2 packages),56,Manual editorial review,Medium
ir-saladin-uniter-of-kingdoms,Saladin Uniter Of Kingdoms,saladin-uniter-of-kingdoms,GitHub,campaign-ideas/Historical/saladin-uniter-of-kingdoms,Historical,Active/genre,,,,Unknown,Original/clear,Unreviewed,58,Manual editorial review,Medium
ir-salem-hysteria,Salem Hysteria,salem-hysteria,GitHub,campaign-ideas/Horror/salem-hysteria,Horror,Active/genre,,6,8,Short,Original/clear,Unreviewed,56,Manual editorial review,Medium
ir-saviors-of-mongo,Saviors Of Mongo,saviors-of-mongo,GitHub,campaign-ideas/Sci-Fi/saviors-of-mongo,Sci-Fi,Active/genre,,12,15,Medium,Original/clear,Unreviewed,59,Manual editorial review,Medium
ir-scale-shift-awakening,Scale Shift Awakening,scale-shift-awakening,GitHub,campaign-ideas/Completed/Fantasy/scale-shift-awakening,Fantasy,Completed,,,,Unknown,Original/clear,Exact-slug candidate (2 packages),43,Add/identify primary campaign document,Low
ir-scale-shift-awakening,Scale Shift Awakening,scale-shift-awakening,GitHub,campaign-ideas/Fantasy/scale-shift-awakening,Fantasy,Active/genre,,20,20,Medium,Original/clear,Exact-slug candidate (2 packages),56,Manual editorial review,Medium
ir-scales-of-maat,Scales Of Maat,scales-of-maat,GitHub,campaign-ideas/Completed/Fantasy/scales-of-maat,Fantasy,Completed,,,,Unknown,Original/clear,Exact-slug candidate (2 packages),43,Add/identify primary campaign document,Low
ir-scales-of-maat,Scales Of Maat,scales-of-maat,GitHub,campaign-ideas/Fantasy/scales-of-maat,Fantasy,Active/genre,,16,20,Medium,Original/clear,Exact-slug candidate (2 packages),56,Manual editorial review,Medium
ir-scholars-of-seldon,Scholars Of Seldon,scholars-of-seldon,GitHub,campaign-ideas/Sci-Fi/scholars-of-seldon,Sci-Fi,Active/genre,,15,20,Medium,Original/clear,Unreviewed,58,Manual editorial review,Medium
ir-secrets-of-the-archives,Secrets Of The Archives,secrets-of-the-archives,GitHub,campaign-ideas/Completed/Fantasy/secrets-of-the-archives,Fantasy,Completed,,,,Unknown,Original/clear,Exact-slug candidate (2 packages),43,Add/identify primary campaign document,Low
ir-secrets-of-the-archives,Secrets Of The Archives,secrets-of-the-archives,GitHub,campaign-ideas/Fantasy/secrets-of-the-archives,Fantasy,Active/genre,,,,Unknown,Original/clear,Exact-slug candidate (2 packages),50,Manual editorial review,Medium
ir-see-you-space-cowboy,See You Space Cowboy,see-you-space-cowboy,GitHub,campaign-ideas/Completed/Sci-Fi/see-you-space-cowboy,Sci-Fi,Completed,,12,15,Medium,Needs transformation,Unreviewed,67,Manual editorial review,Medium
ir-sentinels-of-the-dark-future,Sentinels Of The Dark Future,sentinels-of-the-dark-future,GitHub,campaign-ideas/Sci-Fi/sentinels-of-the-dark-future,Sci-Fi,Active/genre,,,,Unknown,Original/clear,Unreviewed,50,Manual editorial review,Medium
ir-serenity-rising,Serenity Rising,serenity-rising,GitHub,campaign-ideas/Completed/Sci-Fi/serenity-rising,Sci-Fi,Completed,,12,15,Medium,Needs transformation,Unreviewed,67,Manual editorial review,Medium
ir-seven-days-remain,Seven Days Remain,seven-days-remain,GitHub,campaign-ideas/Horror/seven-days-remain,Horror,Active/genre,,6,8,Short,Original/clear,Unreviewed,59,Manual editorial review,Medium
ir-seven-swords-for-hire,Seven Swords For Hire,seven-swords-for-hire,GitHub,campaign-ideas/Completed/Adventure/seven-swords-for-hire,Adventure,Completed,,12,18,Medium,Original/clear,Unreviewed,70,Manual editorial review,Medium
ir-shadow-bureau-protocols,Shadow Bureau Protocols,shadow-bureau-protocols,GitHub,campaign-ideas/Completed/Intrigue/shadow-bureau-protocols,Intrigue,Completed,,25,25,Long,Original/clear,Exact-slug candidate (2 packages),75,Manual editorial review,Medium
ir-shadow-bureau-protocols,Shadow Bureau Protocols,shadow-bureau-protocols,GitHub,campaign-ideas/Intrigue/shadow-bureau-protocols,Intrigue,Active/genre,,,,Unknown,Original/clear,Exact-slug candidate (2 packages),41,Add/identify primary campaign document,Low
ir-shadow-of-the-withered-crown,Shadow Of The Withered Crown,shadow-of-the-withered-crown,GitHub,campaign-ideas/Fantasy/shadow-of-the-withered-crown,Fantasy,Active/genre,,6,8,Short,Needs transformation,Unreviewed,56,Manual editorial review,Medium
ir-shadowhunters-ascendant,Shadowhunters Ascendant,shadowhunters-ascendant,GitHub,campaign-ideas/Urban/shadowhunters-ascendant,Urban,Active/genre,,12,15,Medium,Original/clear,Unreviewed,53,Manual editorial review,Medium
ir-shadows-of-inaba,Shadows Of Inaba,shadows-of-inaba,GitHub,campaign-ideas/Completed/Mystery/shadows-of-inaba,Mystery,Completed,,20,25,Long,Needs transformation,Unreviewed,70,Manual editorial review,Medium
ir-shadows-of-manderley,Shadows Of Manderley,shadows-of-manderley,GitHub,campaign-ideas/Completed/Mystery/shadows-of-manderley,Mystery,Completed,,10,12,Medium,Original/clear,Unreviewed,73,Manual editorial review,Medium
ir-shadows-of-the-frozen-hour,Shadows Of The Frozen Hour,shadows-of-the-frozen-hour,GitHub,campaign-ideas/Horror/shadows-of-the-frozen-hour,Horror,Active/genre,,25,25,Long,Original/clear,Unreviewed,57,Manual editorial review,Medium
ir-shadows-of-the-precursors,Shadows Of The Precursors,shadows-of-the-precursors,GitHub,campaign-ideas/Completed/Sci-Fi/shadows-of-the-precursors,Sci-Fi,Completed,,40,40,Epic,Original/clear,Unreviewed,74,Manual editorial review,Medium
ir-shards-of-the-sundered-star,Shards Of The Sundered Star,shards-of-the-sundered-star,GitHub,campaign-ideas/Completed/Fantasy/shards-of-the-sundered-star,Fantasy,Completed,,,,Unknown,Original/clear,Exact-slug candidate (2 packages),43,Add/identify primary campaign document,Low
ir-shards-of-the-sundered-star,Shards Of The Sundered Star,shards-of-the-sundered-star,GitHub,campaign-ideas/Fantasy/shards-of-the-sundered-star,Fantasy,Active/genre,,,,Unknown,Original/clear,Exact-slug candidate (2 packages),53,Manual editorial review,Medium
ir-sharn-city-of-towers,Sharn City Of Towers,sharn-city-of-towers,GitHub,campaign-ideas/Urban/sharn-city-of-towers,Urban,Active/genre,,16,20,Medium,Original/clear,Unreviewed,59,Manual editorial review,Medium
ir-shinobi-clans-united,Shinobi Clans United,shinobi-clans-united,GitHub,campaign-ideas/Completed/Fantasy/shinobi-clans-united,Fantasy,Completed,,,,Unknown,Original/clear,Exact-slug candidate (2 packages),38,Add/identify primary campaign document,Low
ir-shinobi-clans-united,Shinobi Clans United,shinobi-clans-united,GitHub,campaign-ideas/Fantasy/shinobi-clans-united,Fantasy,Active/genre,,20,25,Long,Original/clear,Exact-slug candidate (2 packages),58,Manual editorial review,Medium
ir-sins-of-the-city,Sins Of The City,sins-of-the-city,GitHub,campaign-ideas/Completed/Mystery/sins-of-the-city,Mystery,Completed,,25,35,Long,Original/clear,Unreviewed,74,Manual editorial review,Medium
ir-site-19-breach,Site 19 Breach,site-19-breach,GitHub,campaign-ideas/Horror/site-19-breach,Horror,Active/genre,,30,40,Long,Original/clear,Unreviewed,69,Manual editorial review,Medium
ir-sky-dominion,Sky Dominion,sky-dominion,GitHub,campaign-ideas/Completed/Fantasy/sky-dominion,Fantasy,Completed,,,,Unknown,Original/clear,Exact-slug candidate (2 packages),43,Add/identify primary campaign document,Low
ir-sky-dominion,Sky Dominion,sky-dominion,GitHub,campaign-ideas/Fantasy/sky-dominion,Fantasy,Active/genre,,25,25,Long,Original/clear,Exact-slug candidate (2 packages),58,Manual editorial review,Medium
ir-sky-metal-kings,Sky Metal Kings,sky-metal-kings,GitHub,campaign-ideas/Completed/Fantasy/sky-metal-kings,Fantasy,Completed,,,,Unknown,Original/clear,Exact-slug candidate (2 packages),43,Add/identify primary campaign document,Low
ir-sky-metal-kings,Sky Metal Kings,sky-metal-kings,GitHub,campaign-ideas/Fantasy/sky-metal-kings,Fantasy,Active/genre,,22,22,Long,Original/clear,Exact-slug candidate (2 packages),60,Manual editorial review,Medium
ir-slimes-and-sanctuary,Slimes And Sanctuary,slimes-and-sanctuary,GitHub,campaign-ideas/Completed/Fantasy/slimes-and-sanctuary,Fantasy,Completed,,,,Unknown,Original/clear,Exact-slug candidate (2 packages),38,Add/identify primary campaign document,Low
ir-slimes-and-sanctuary,Slimes And Sanctuary,slimes-and-sanctuary,GitHub,campaign-ideas/Fantasy/slimes-and-sanctuary,Fantasy,Active/genre,,7,8,Short,Original/clear,Exact-slug candidate (2 packages),65,Manual editorial review,Medium
ir-smile-for-me,Smile For Me,smile-for-me,GitHub,campaign-ideas/Horror/smile-for-me,Horror,Active/genre,,20,28,Long,Original/clear,Unreviewed,53,Manual editorial review,Medium
ir-songs-of-the-great-spirit,Songs Of The Great Spirit,songs-of-the-great-spirit,GitHub,campaign-ideas/Completed/Fantasy/songs-of-the-great-spirit,Fantasy,Completed,,,,Unknown,Original/clear,Exact-slug candidate (2 packages),43,Add/identify primary campaign document,Low
ir-songs-of-the-great-spirit,Songs Of The Great Spirit,songs-of-the-great-spirit,GitHub,campaign-ideas/Fantasy/songs-of-the-great-spirit,Fantasy,Active/genre,,12,16,Medium,Original/clear,Exact-slug candidate (2 packages),50,Manual editorial review,Medium
ir-songstress-and-the-valkyrie,Songstress And The Valkyrie,songstress-and-the-valkyrie,GitHub,campaign-ideas/Completed/Sci-Fi/songstress-and-the-valkyrie,Sci-Fi,Completed,,12,15,Medium,Original/clear,Unreviewed,79,Manual editorial review,Medium
ir-sons-of-ares,Sons Of Ares,sons-of-ares,GitHub,campaign-ideas/Completed/Sci-Fi/sons-of-ares,Sci-Fi,Completed,,16,20,Medium,Original/clear,Unreviewed,72,Manual editorial review,Medium
ir-spiral-of-uzumaki,Spiral Of Uzumaki,spiral-of-uzumaki,GitHub,campaign-ideas/Horror/spiral-of-uzumaki,Horror,Active/genre,,8,10,Short,Needs transformation,Unreviewed,46,Manual editorial review,Medium
ir-spirit-detective-chronicles,Spirit Detective Chronicles,spirit-detective-chronicles,GitHub,campaign-ideas/Completed/Fantasy/spirit-detective-chronicles,Fantasy,Completed,,,,Unknown,Original/clear,Exact-slug candidate (2 packages),38,Add/identify primary campaign document,Low
ir-spirit-detective-chronicles,Spirit Detective Chronicles,spirit-detective-chronicles,GitHub,campaign-ideas/Fantasy/spirit-detective-chronicles,Fantasy,Active/genre,,18,24,Long,Original/clear,Exact-slug candidate (2 packages),53,Manual editorial review,Medium
ir-spirit-of-the-dying-forest,Spirit Of The Dying Forest,spirit-of-the-dying-forest,GitHub,campaign-ideas/Completed/Fantasy/spirit-of-the-dying-forest,Fantasy,Completed,,,,Unknown,Original/clear,Exact-slug candidate (2 packages),43,Add/identify primary campaign document,Low
ir-spirit-of-the-dying-forest,Spirit Of The Dying Forest,spirit-of-the-dying-forest,GitHub,campaign-ideas/Fantasy/spirit-of-the-dying-forest,Fantasy,Active/genre,,12,16,Medium,Original/clear,Exact-slug candidate (2 packages),56,Manual editorial review,Medium
ir-spirits-of-the-rising-sun,Spirits Of The Rising Sun,spirits-of-the-rising-sun,GitHub,campaign-ideas/Completed/Fantasy/spirits-of-the-rising-sun,Fantasy,Completed,,,,Unknown,Original/clear,Exact-slug candidate (2 packages),43,Add/identify primary campaign document,Low
ir-spirits-of-the-rising-sun,Spirits Of The Rising Sun,spirits-of-the-rising-sun,GitHub,campaign-ideas/Fantasy/spirits-of-the-rising-sun,Fantasy,Active/genre,,12,16,Medium,Needs transformation,Exact-slug candidate (2 packages),49,Manual editorial review,Medium
ir-st-mercys-magical-menagerie,St. Mercy's Magical Menagerie,st-mercys-magical-menagerie,GitHub,campaign-ideas/Urban/st-mercys-magical-menagerie,Urban,Active/genre,,6,8,Short,Original/clear,Unreviewed,59,Manual editorial review,Medium
ir-stand-at-the-hot-gates,Stand At The Hot Gates,stand-at-the-hot-gates,GitHub,campaign-ideas/Historical/stand-at-the-hot-gates,Historical,Active/genre,,10,15,Medium,Original/clear,Unreviewed,56,Manual editorial review,Medium
ir-star-eaters-wake,Star Eaters Wake,star-eaters-wake,GitHub,campaign-ideas/Horror/star-eaters-wake,Horror,Active/genre,,8,10,Short,Original/clear,Unreviewed,56,Manual editorial review,Medium
ir-starfire-rebellion,Starfire Rebellion,starfire-rebellion,GitHub,campaign-ideas/Completed/Sci-Fi/starfire-rebellion,Sci-Fi,Completed,,35,35,Long,Original/clear,Unreviewed,81,Manual editorial review,Medium
ir-stars-of-destiny,Stars Of Destiny,stars-of-destiny,GitHub,campaign-ideas/Completed/Fantasy/stars-of-destiny,Fantasy,Completed,,,,Unknown,Original/clear,Exact-slug candidate (2 packages),43,Add/identify primary campaign document,Low
ir-stars-of-destiny,Stars Of Destiny,stars-of-destiny,GitHub,campaign-ideas/Fantasy/stars-of-destiny,Fantasy,Active/genre,,22,22,Long,Original/clear,Exact-slug candidate (2 packages),55,Manual editorial review,Medium
ir-steam-war-chronicles,Steam War Chronicles,steam-war-chronicles,GitHub,campaign-ideas/Completed/Sci-Fi/steam-war-chronicles,Sci-Fi,Completed,,26,26,Long,Original/clear,Unreviewed,71,Manual editorial review,Medium
ir-steel-meets-sorcery,Steel Meets Sorcery,steel-meets-sorcery,GitHub,campaign-ideas/Completed/Fantasy/steel-meets-sorcery,Fantasy,Completed,,,,Unknown,Original/clear,Exact-slug candidate (2 packages),38,Add/identify primary campaign document,Low
ir-steel-meets-sorcery,Steel Meets Sorcery,steel-meets-sorcery,GitHub,campaign-ideas/Fantasy/steel-meets-sorcery,Fantasy,Active/genre,,7,8,Short,Original/clear,Exact-slug candidate (2 packages),61,Manual editorial review,Medium
ir-steel-prophets,Steel Prophets,steel-prophets,GitHub,campaign-ideas/Completed/Sci-Fi/steel-prophets,Sci-Fi,Completed,,,,Unknown,Original/clear,Unreviewed,66,Manual editorial review,Medium
ir-stones-of-eternity,Stones Of Eternity,stones-of-eternity,GitHub,campaign-ideas/Completed/Fantasy/stones-of-eternity,Fantasy,Completed,,,,Unknown,Original/clear,Exact-slug candidate (2 packages),43,Add/identify primary campaign document,Low
ir-stones-of-eternity,Stones Of Eternity,stones-of-eternity,GitHub,campaign-ideas/Fantasy/stones-of-eternity,Fantasy,Active/genre,,35,35,Long,Original/clear,Exact-slug candidate (2 packages),52,Manual editorial review,Medium
ir-storms-over-chicago,Storms Over Chicago,storms-over-chicago,GitHub,campaign-ideas/Urban/storms-over-chicago,Urban,Active/genre,,20,25,Long,Original/clear,Unreviewed,56,Manual editorial review,Medium
ir-street-samurai-legacy,Street Samurai Legacy,street-samurai-legacy,GitHub,campaign-ideas/Completed/Sci-Fi/street-samurai-legacy,Sci-Fi,Completed,,22,22,Long,Original/clear,Unreviewed,78,Manual editorial review,Medium
ir-streets-of-hammerfast,Streets Of Hammerfast,streets-of-hammerfast,GitHub,campaign-ideas/Urban/streets-of-hammerfast,Urban,Active/genre,,25,35,Long,Original/clear,Unreviewed,50,Manual editorial review,Medium
ir-summit-of-the-self,Summit Of The Self,summit-of-the-self,GitHub,campaign-ideas/Adventure/summit-of-the-self,Adventure,Active/genre,,12,18,Medium,Original/clear,Unreviewed,56,Manual editorial review,Medium
ir-sunflower-samurai-quest,Sunflower Samurai Quest,sunflower-samurai-quest,GitHub,campaign-ideas/Adventure/sunflower-samurai-quest,Adventure,Active/genre,,12,14,Medium,Original/clear,Unreviewed,56,Manual editorial review,Medium
ir-sunless-seas,Sunless Seas,sunless-seas,GitHub,campaign-ideas/Adventure/sunless-seas,Adventure,Active/genre,,22,35,Long,Original/clear,Unreviewed,50,Manual editorial review,Medium
ir-symbols-of-the-divine,Symbols Of The Divine,symbols-of-the-divine,GitHub,campaign-ideas/Completed/Mystery/symbols-of-the-divine,Mystery,Completed,,15,18,Medium,Original/clear,Unreviewed,80,Manual editorial review,Medium
ir-tales-from-the-campfire-chronicles,Tales From The Campfire Chronicles,tales-from-the-campfire-chronicles,GitHub,campaign-ideas/Adventure/tales-from-the-campfire-chronicles,Adventure,Active/genre,,10,15,Medium,Original/clear,Unreviewed,57,Manual editorial review,Medium
ir-tales-of-deception,Tales Of Deception,tales-of-deception,GitHub,campaign-ideas/Completed/Mystery/tales-of-deception,Mystery,Completed,,8,10,Short,Original/clear,Unreviewed,73,Manual editorial review,Medium
ir-taste-of-the-divine,Taste Of The Divine,taste-of-the-divine,GitHub,campaign-ideas/Completed/Fantasy/taste-of-the-divine,Fantasy,Completed,,,,Unknown,Original/clear,Exact-slug candidate (2 packages),43,Add/identify primary campaign document,Low
ir-taste-of-the-divine,Taste Of The Divine,taste-of-the-divine,GitHub,campaign-ideas/Fantasy/taste-of-the-divine,Fantasy,Active/genre,,30,30,Long,Original/clear,Exact-slug candidate (2 packages),60,Manual editorial review,Medium
ir-temporal-schism,Temporal Schism,temporal-schism,GitHub,campaign-ideas/Sci-Fi/temporal-schism,Sci-Fi,Active/genre,,28,28,Long,Original/clear,Unreviewed,50,Manual editorial review,Medium
ir-ten-little-murders,Ten Little Murders,ten-little-murders,GitHub,campaign-ideas/Mystery/ten-little-murders,Mystery,Active/genre,,6,10,Short,Original/clear,Unreviewed,55,Manual editorial review,Medium
ir-the-108-stars-rising,The 108 Stars Rising,the-108-stars-rising,GitHub,campaign-ideas/Completed/Fantasy/the-108-stars-rising,Fantasy,Completed,,,,Unknown,Original/clear,Exact-slug candidate (2 packages),43,Add/identify primary campaign document,Low
ir-the-108-stars-rising,The 108 Stars Rising,the-108-stars-rising,GitHub,campaign-ideas/Fantasy/the-108-stars-rising,Fantasy,Active/genre,,25,30,Long,Original/clear,Exact-slug candidate (2 packages),65,Manual editorial review,Medium
ir-the-36th-chamber,The 36Th Chamber,the-36th-chamber,GitHub,campaign-ideas/Adventure/the-36th-chamber,Adventure,Active/genre,,12,15,Medium,Needs transformation,Unreviewed,46,Manual editorial review,Medium
ir-the-absurd-academy,The Absurd Academy,the-absurd-academy,GitHub,campaign-ideas/Adventure/the-absurd-academy,Adventure,Active/genre,,12,18,Medium,Original/clear,Unreviewed,66,Manual editorial review,Medium
ir-the-absurd-quest-for-the-golden-spatula,The Absurd Quest For The Golden Spatula,the-absurd-quest-for-the-golden-spatula,GitHub,campaign-ideas/Adventure/the-absurd-quest-for-the-golden-spatula,Adventure,Active/genre,,6,8,Short,Original/clear,Unreviewed,59,Manual editorial review,Medium
ir-the-abyssal-frontier,The Abyssal Frontier,the-abyssal-frontier,GitHub,campaign-ideas/Sci-Fi/the-abyssal-frontier,Sci-Fi,Active/genre,,25,25,Long,Original/clear,Unreviewed,62,Manual editorial review,Medium
ir-the-academy-of-three-lions,The Academy Of Three Lions,the-academy-of-three-lions,GitHub,campaign-ideas/Completed/Fantasy/the-academy-of-three-lions,Fantasy,Completed,,,,Unknown,Original/clear,Exact-slug candidate (2 packages),43,Add/identify primary campaign document,Low
ir-the-academy-of-three-lions,The Academy Of Three Lions,the-academy-of-three-lions,GitHub,campaign-ideas/Fantasy/the-academy-of-three-lions,Fantasy,Active/genre,,30,40,Long,Original/clear,Exact-slug candidate (2 packages),59,Manual editorial review,Medium
ir-the-adolescence-anomalies,The Adolescence Anomalies,the-adolescence-anomalies,GitHub,campaign-ideas/Urban/the-adolescence-anomalies,Urban,Active/genre,,12,15,Medium,Original/clear,Unreviewed,56,Manual editorial review,Medium
ir-the-alchemists-burden,The Alchemists Burden,the-alchemists-burden,GitHub,campaign-ideas/Completed/Fantasy/the-alchemists-burden,Fantasy,Completed,,,,Unknown,Original/clear,Exact-slug candidate (2 packages),38,Add/identify primary campaign document,Low
ir-the-alchemists-burden,The Alchemists Burden,the-alchemists-burden,GitHub,campaign-ideas/Fantasy/the-alchemists-burden,Fantasy,Active/genre,,18,22,Medium,Original/clear,Exact-slug candidate (2 packages),56,Manual editorial review,Medium
ir-the-alchemists-descent,The Alchemists Descent,the-alchemists-descent,GitHub,campaign-ideas/Completed/Fantasy/the-alchemists-descent,Fantasy,Completed,,,,Unknown,Original/clear,Exact-slug candidate (2 packages),43,Add/identify primary campaign document,Low
ir-the-alchemists-descent,The Alchemists Descent,the-alchemists-descent,GitHub,campaign-ideas/Fantasy/the-alchemists-descent,Fantasy,Active/genre,,20,25,Long,Original/clear,Exact-slug candidate (2 packages),56,Manual editorial review,Medium
ir-the-alliance-horde-pact,The Alliance Horde Pact,the-alliance-horde-pact,GitHub,campaign-ideas/Completed/Fantasy/the-alliance-horde-pact,Fantasy,Completed,,,,Unknown,Original/clear,Exact-slug candidate (2 packages),43,Add/identify primary campaign document,Low
ir-the-alliance-horde-pact,The Alliance Horde Pact,the-alliance-horde-pact,GitHub,campaign-ideas/Fantasy/the-alliance-horde-pact,Fantasy,Active/genre,,,,Unknown,Original/clear,Exact-slug candidate (2 packages),56,Manual editorial review,Medium
ir-the-ancient-network,The Ancient Network,the-ancient-network,GitHub,campaign-ideas/Completed/Fantasy/the-ancient-network,Fantasy,Completed,,,,Unknown,Original/clear,Exact-slug candidate (2 packages),43,Add/identify primary campaign document,Low
ir-the-ancient-network,The Ancient Network,the-ancient-network,GitHub,campaign-ideas/Fantasy/the-ancient-network,Fantasy,Active/genre,,35,35,Long,Original/clear,Exact-slug candidate (2 packages),60,Manual editorial review,Medium
ir-the-ancient-ones-entertainment,The Ancient Ones Entertainment,the-ancient-ones-entertainment,GitHub,campaign-ideas/Horror/the-ancient-ones-entertainment,Horror,Active/genre,,6,8,Short,Original/clear,Unreviewed,59,Manual editorial review,Medium
ir-the-anomalous-continent-of-xylos,The Anomalous Continent Of Xylos,the-anomalous-continent-of-xylos,GitHub,campaign-ideas/Sci-Fi/the-anomalous-continent-of-xylos,Sci-Fi,Active/genre,,10,12,Medium,Original/clear,Unreviewed,63,Manual editorial review,Medium
ir-the-antikythera-orrery,The Antikythera Orrery,the-antikythera-orrery,GitHub,campaign-ideas/Fantasy/the-antikythera-orrery,Fantasy,Active/genre,,,,Unknown,Original/clear,Unreviewed,47,Manual editorial review,Medium
ir-the-aperture-protocol,The Aperture Protocol,the-aperture-protocol,GitHub,campaign-ideas/Sci-Fi/the-aperture-protocol,Sci-Fi,Active/genre,,10,15,Medium,Original/clear,Unreviewed,56,Manual editorial review,Medium
ir-the-arcane-canvas-circus,The Arcane Canvas Circus,the-arcane-canvas-circus,GitHub,campaign-ideas/Fantasy/the-arcane-canvas-circus,Fantasy,Active/genre,,10,12,Medium,Original/clear,Unreviewed,63,Manual editorial review,Medium
ir-the-arcane-illusion,The Arcane Illusion,the-arcane-illusion,GitHub,campaign-ideas/Completed/Fantasy/the-arcane-illusion,Fantasy,Completed,,,,Unknown,Original/clear,Exact-slug candidate (2 packages),43,Add/identify primary campaign document,Low
ir-the-arcane-illusion,The Arcane Illusion,the-arcane-illusion,GitHub,campaign-ideas/Fantasy/the-arcane-illusion,Fantasy,Active/genre,,8,10,Short,Original/clear,Exact-slug candidate (2 packages),59,Manual editorial review,Medium
ir-the-arcane-league,The Arcane League,the-arcane-league,GitHub,campaign-ideas/Urban/the-arcane-league,Urban,Active/genre,,6,8,Short,Needs transformation,Unreviewed,49,Manual editorial review,Medium
ir-the-archetypal-realm,The Archetypal Realm,the-archetypal-realm,GitHub,campaign-ideas/Completed/Fantasy/the-archetypal-realm,Fantasy,Completed,,,,Unknown,Original/clear,Exact-slug candidate (2 packages),43,Add/identify primary campaign document,Low
ir-the-archetypal-realm,The Archetypal Realm,the-archetypal-realm,GitHub,campaign-ideas/Fantasy/the-archetypal-realm,Fantasy,Active/genre,,30,30,Long,Original/clear,Exact-slug candidate (2 packages),57,Manual editorial review,Medium
ir-the-art-of-war,The Art Of War,the-art-of-war,GitHub,campaign-ideas/Historical/the-art-of-war,Historical,Active/genre,,,,Unknown,Original/clear,Unreviewed,54,Manual editorial review,Medium
ir-the-ascendants,The Ascendants,the-ascendants,GitHub,campaign-ideas/Urban/the-ascendants,Urban,Active/genre,,6,8,Short,Original/clear,Unreviewed,56,Manual editorial review,Medium
ir-the-ascension-trials,The Ascension Trials,the-ascension-trials,GitHub,campaign-ideas/Sci-Fi/the-ascension-trials,Sci-Fi,Active/genre,,,,Unknown,Original/clear,Unreviewed,50,Manual editorial review,Medium
ir-the-ashen-blight,The Ashen Blight,the-ashen-blight,GitHub,campaign-ideas/Horror/the-ashen-blight,Horror,Active/genre,,6,8,Short,Original/clear,Unreviewed,65,Manual editorial review,Medium
ir-the-ashen-covenant,The Ashen Covenant,the-ashen-covenant,GitHub,campaign-ideas/Horror/the-ashen-covenant,Horror,Active/genre,,20,30,Long,Original/clear,Unreviewed,56,Manual editorial review,Medium
ir-the-astral-rebellion,The Astral Rebellion,the-astral-rebellion,GitHub,campaign-ideas/Sci-Fi/the-astral-rebellion,Sci-Fi,Active/genre,,15,20,Medium,Original/clear,Unreviewed,61,Manual editorial review,Medium
ir-the-authors-death,The Authors Death,the-authors-death,GitHub,campaign-ideas/Mystery/the-authors-death,Mystery,Active/genre,,28,28,Long,Original/clear,Unreviewed,50,Manual editorial review,Medium
ir-the-bards-of-bardston-high,The Bards Of Bardston High,the-bards-of-bardston-high,GitHub,campaign-ideas/Completed/Fantasy/the-bards-of-bardston-high,Fantasy,Completed,,,,Unknown,Original/clear,Exact-slug candidate (2 packages),43,Add/identify primary campaign document,Low
ir-the-bards-of-bardston-high,The Bards Of Bardston High,the-bards-of-bardston-high,GitHub,campaign-ideas/Fantasy/the-bards-of-bardston-high,Fantasy,Active/genre,,12,15,Medium,Original/clear,Exact-slug candidate (2 packages),63,Manual editorial review,Medium
ir-the-barricade-revolution,The Barricade Revolution,the-barricade-revolution,GitHub,campaign-ideas/Historical/the-barricade-revolution,Historical,Active/genre,,16,20,Medium,Original/clear,Unreviewed,56,Manual editorial review,Medium
ir-the-bathhouse-beyond,The Bathhouse Beyond,the-bathhouse-beyond,GitHub,campaign-ideas/Completed/Fantasy/the-bathhouse-beyond,Fantasy,Completed,,,,Unknown,Original/clear,Exact-slug candidate (2 packages),43,Add/identify primary campaign document,Low
ir-the-bathhouse-beyond,The Bathhouse Beyond,the-bathhouse-beyond,GitHub,campaign-ideas/Fantasy/the-bathhouse-beyond,Fantasy,Active/genre,,10,14,Medium,Original/clear,Exact-slug candidate (2 packages),50,Manual editorial review,Medium
ir-the-belt-rises,The Belt Rises,the-belt-rises,GitHub,campaign-ideas/Sci-Fi/the-belt-rises,Sci-Fi,Active/genre,,36,36,Epic,Original/clear,Unreviewed,53,Manual editorial review,Medium
ir-the-betrayed-hero,The Betrayed Hero,the-betrayed-hero,GitHub,campaign-ideas/Completed/Fantasy/the-betrayed-hero,Fantasy,Completed,,,,Unknown,Original/clear,Exact-slug candidate (2 packages),43,Add/identify primary campaign document,Low
ir-the-betrayed-hero,The Betrayed Hero,the-betrayed-hero,GitHub,campaign-ideas/Fantasy/the-betrayed-hero,Fantasy,Active/genre,,8,8,Short,Original/clear,Exact-slug candidate (2 packages),63,Manual editorial review,Medium
ir-the-bioluminescent-expanse,The Bioluminescent Expanse,the-bioluminescent-expanse,GitHub,campaign-ideas/Completed/Fantasy/the-bioluminescent-expanse,Fantasy,Completed,,,,Unknown,Needs transformation,Exact-slug candidate (2 packages),28,Add/identify primary campaign document,Low
ir-the-bioluminescent-expanse,The Bioluminescent Expanse,the-bioluminescent-expanse,GitHub,campaign-ideas/Fantasy/the-bioluminescent-expanse,Fantasy,Active/genre,,22,22,Long,Needs transformation,Exact-slug candidate (2 packages),40,Manual editorial review,Medium
ir-the-black-death-chronicles,The Black Death Chronicles,the-black-death-chronicles,GitHub,campaign-ideas/Historical/the-black-death-chronicles,Historical,Active/genre,,10,12,Medium,Original/clear,Unreviewed,56,Manual editorial review,Medium
ir-the-black-eyed-visitors,The Black Eyed Visitors,the-black-eyed-visitors,GitHub,campaign-ideas/Horror/the-black-eyed-visitors,Horror,Active/genre,,6,10,Short,Original/clear,Unreviewed,56,Manual editorial review,Medium
ir-the-black-sphere-protocol,The Black Sphere Protocol,the-black-sphere-protocol,GitHub,campaign-ideas/Sci-Fi/the-black-sphere-protocol,Sci-Fi,Active/genre,,11,14,Medium,Original/clear,Unreviewed,53,Manual editorial review,Medium
ir-the-black-stone-corruption,The Black Stone Corruption,the-black-stone-corruption,GitHub,campaign-ideas/Completed/Fantasy/the-black-stone-corruption,Fantasy,Completed,,,,Unknown,Original/clear,Exact-slug candidate (2 packages),43,Add/identify primary campaign document,Low
ir-the-black-stone-corruption,The Black Stone Corruption,the-black-stone-corruption,GitHub,campaign-ideas/Fantasy/the-black-stone-corruption,Fantasy,Active/genre,,,,Unknown,Original/clear,Exact-slug candidate (2 packages),53,Manual editorial review,Medium
ir-the-blank-tome,The Blank Tome,the-blank-tome,GitHub,campaign-ideas/Completed/Fantasy/the-blank-tome,Fantasy,Completed,,,,Unknown,Original/clear,Exact-slug candidate (2 packages),43,Add/identify primary campaign document,Low
ir-the-blank-tome,The Blank Tome,the-blank-tome,GitHub,campaign-ideas/Fantasy/the-blank-tome,Fantasy,Active/genre,,32,32,Long,Original/clear,Exact-slug candidate (2 packages),53,Manual editorial review,Medium
ir-the-bleak-thorn-cycle,The Bleak Thorn Cycle,the-bleak-thorn-cycle,GitHub,campaign-ideas/Horror/the-bleak-thorn-cycle,Horror,Active/genre,,2,3,Micro/one-shot,Original/clear,Unreviewed,61,Manual editorial review,Medium
ir-the-blood-circuit,The Blood Circuit,the-blood-circuit,GitHub,campaign-ideas/Sci-Fi/the-blood-circuit,Sci-Fi,Active/genre,,20,35,Long,Original/clear,Unreviewed,53,Manual editorial review,Medium
ir-the-blood-moon-siege,The Blood Moon Siege,the-blood-moon-siege,GitHub,campaign-ideas/Horror/the-blood-moon-siege,Horror,Active/genre,,10,14,Medium,Original/clear,Unreviewed,56,Manual editorial review,Medium
ir-the-bloodless-terror,The Bloodless Terror,the-bloodless-terror,GitHub,campaign-ideas/Horror/the-bloodless-terror,Horror,Active/genre,,6,10,Short,Original/clear,Unreviewed,56,Manual editorial review,Medium
ir-the-blue-dragon,The Blue Dragon,the-blue-dragon,GitHub,campaign-ideas/Urban/the-blue-dragon,Urban,Active/genre,,30,40,Long,Original/clear,Unreviewed,53,Manual editorial review,Medium
ir-the-bluff-imperium,The Bluff Imperium,the-bluff-imperium,GitHub,campaign-ideas/Completed/Fantasy/the-bluff-imperium,Fantasy,Completed,,,,Unknown,Original/clear,Exact-slug candidate (2 packages),43,Add/identify primary campaign document,Low
ir-the-bluff-imperium,The Bluff Imperium,the-bluff-imperium,GitHub,campaign-ideas/Fantasy/the-bluff-imperium,Fantasy,Active/genre,,30,30,Long,Original/clear,Exact-slug candidate (2 packages),50,Manual editorial review,Medium
ir-the-bridgeburners-last-march,The Bridgeburners Last March,the-bridgeburners-last-march,GitHub,campaign-ideas/Completed/Fantasy/the-bridgeburners-last-march,Fantasy,Completed,,,,Unknown,Original/clear,Exact-slug candidate (2 packages),43,Add/identify primary campaign document,Low
ir-the-bridgeburners-last-march,The Bridgeburners Last March,the-bridgeburners-last-march,GitHub,campaign-ideas/Fantasy/the-bridgeburners-last-march,Fantasy,Active/genre,,,,Unknown,Original/clear,Exact-slug candidate (2 packages),58,Manual editorial review,Medium
ir-the-broken-knight,The Broken Knight,the-broken-knight,GitHub,campaign-ideas/Completed/Fantasy/the-broken-knight,Fantasy,Completed,,,,Unknown,Original/clear,Exact-slug candidate (2 packages),43,Add/identify primary campaign document,Low
ir-the-broken-knight,The Broken Knight,the-broken-knight,GitHub,campaign-ideas/Fantasy/the-broken-knight,Fantasy,Active/genre,,,,Unknown,Original/clear,Exact-slug candidate (2 packages),53,Manual editorial review,Medium
ir-the-bronze-age-saga,The Bronze Age Saga,the-bronze-age-saga,GitHub,campaign-ideas/Historical/the-bronze-age-saga,Historical,Active/genre,,25,25,Long,Needs transformation,Unreviewed,51,Manual editorial review,Medium
ir-the-bureaucratic-maze,The Bureaucratic Maze,the-bureaucratic-maze,GitHub,campaign-ideas/Sci-Fi/the-bureaucratic-maze,Sci-Fi,Active/genre,,15,20,Medium,Original/clear,Unreviewed,56,Manual editorial review,Medium
ir-the-buried-empire,The Buried Empire,the-buried-empire,GitHub,campaign-ideas/Completed/Fantasy/the-buried-empire,Fantasy,Completed,,,,Unknown,Original/clear,Exact-slug candidate (2 packages),43,Add/identify primary campaign document,Low
ir-the-buried-empire,The Buried Empire,the-buried-empire,GitHub,campaign-ideas/Fantasy/the-buried-empire,Fantasy,Active/genre,,20,28,Long,Original/clear,Exact-slug candidate (2 packages),53,Manual editorial review,Medium
ir-the-burning-season,The Burning Season,the-burning-season,GitHub,campaign-ideas/Completed/Fantasy/the-burning-season,Fantasy,Completed,,,,Unknown,Original/clear,Exact-slug candidate (2 packages),38,Add/identify primary campaign document,Low
ir-the-burning-season,The Burning Season,the-burning-season,GitHub,campaign-ideas/Fantasy/the-burning-season,Fantasy,Active/genre,,24,30,Long,Original/clear,Exact-slug candidate (2 packages),50,Manual editorial review,Medium
ir-the-camorr-game,The Camorr Game,the-camorr-game,GitHub,campaign-ideas/Completed/Fantasy/the-camorr-game,Fantasy,Completed,,,,Unknown,Original/clear,Exact-slug candidate (2 packages),43,Add/identify primary campaign document,Low
ir-the-camorr-game,The Camorr Game,the-camorr-game,GitHub,campaign-ideas/Fantasy/the-camorr-game,Fantasy,Active/genre,,,,Unknown,Original/clear,Exact-slug candidate (2 packages),47,Manual editorial review,Medium
ir-the-cannibal-peninsula,The Cannibal Peninsula,the-cannibal-peninsula,GitHub,campaign-ideas/Horror/the-cannibal-peninsula,Horror,Active/genre,,8,8,Short,Original/clear,Unreviewed,59,Manual editorial review,Medium
ir-the-cardslingers-gambit,The Cardslingers Gambit,the-cardslingers-gambit,GitHub,campaign-ideas/Horror/the-cardslingers-gambit,Horror,Active/genre,,14,18,Medium,Original/clear,Unreviewed,59,Manual editorial review,Medium
ir-the-carrion-heart,The Carrion Heart,the-carrion-heart,GitHub,campaign-ideas/Horror/the-carrion-heart,Horror,Active/genre,,6,8,Short,Original/clear,Unreviewed,63,Manual editorial review,Medium
ir-the-cartographers-of-the-shifting-lands,The Cartographers Of The Shifting Lands,the-cartographers-of-the-shifting-lands,GitHub,campaign-ideas/Fantasy/the-cartographers-of-the-shifting-lands,Fantasy,Active/genre,,10,12,Medium,Original/clear,Unreviewed,66,Manual editorial review,Medium
ir-the-case-of-the-cinder-stained-slippers,The Case Of The Cinder Stained Slippers,the-case-of-the-cinder-stained-slippers,GitHub,campaign-ideas/Mystery/the-case-of-the-cinder-stained-slippers,Mystery,Active/genre,,6,8,Short,Original/clear,Unreviewed,50,Manual editorial review,Medium
ir-the-casino-of-souls,The Casino Of Souls,the-casino-of-souls,GitHub,campaign-ideas/Urban/the-casino-of-souls,Urban,Active/genre,,6,8,Short,Original/clear,Unreviewed,56,Manual editorial review,Medium
ir-the-catan-concordat,The Catan Concordat,the-catan-concordat,GitHub,campaign-ideas/Completed/Fantasy/the-catan-concordat,Fantasy,Completed,,,,Unknown,Original/clear,Exact-slug candidate (2 packages),43,Add/identify primary campaign document,Low
ir-the-catan-concordat,The Catan Concordat,the-catan-concordat,GitHub,campaign-ideas/Fantasy/the-catan-concordat,Fantasy,Active/genre,,32,32,Long,Original/clear,Exact-slug candidate (2 packages),50,Manual editorial review,Medium
ir-the-cathedral-of-shadows,The Cathedral Of Shadows,the-cathedral-of-shadows,GitHub,campaign-ideas/Completed/Fantasy/the-cathedral-of-shadows,Fantasy,Completed,,,,Unknown,Original/clear,Exact-slug candidate (2 packages),43,Add/identify primary campaign document,Low
ir-the-cathedral-of-shadows,The Cathedral Of Shadows,the-cathedral-of-shadows,GitHub,campaign-ideas/Fantasy/the-cathedral-of-shadows,Fantasy,Active/genre,,16,22,Medium,Original/clear,Exact-slug candidate (2 packages),60,Manual editorial review,Medium
ir-the-celestial-bureaucracy,The Celestial Bureaucracy,the-celestial-bureaucracy,GitHub,campaign-ideas/Fantasy/the-celestial-bureaucracy,Fantasy,Active/genre,,10,12,Medium,Original/clear,Unreviewed,66,Manual editorial review,Medium
ir-the-celestial-circuit,The Celestial Circuit,the-celestial-circuit,GitHub,campaign-ideas/Completed/Fantasy/the-celestial-circuit,Fantasy,Completed,,,,Unknown,Original/clear,Exact-slug candidate (2 packages),43,Add/identify primary campaign document,Low
ir-the-celestial-circuit,The Celestial Circuit,the-celestial-circuit,GitHub,campaign-ideas/Fantasy/the-celestial-circuit,Fantasy,Active/genre,,30,30,Long,Original/clear,Exact-slug candidate (2 packages),58,Manual editorial review,Medium
ir-the-checkered-throne,The Checkered Throne,the-checkered-throne,GitHub,campaign-ideas/Completed/Fantasy/the-checkered-throne,Fantasy,Completed,,,,Unknown,Original/clear,Exact-slug candidate (2 packages),43,Add/identify primary campaign document,Low
ir-the-checkered-throne,The Checkered Throne,the-checkered-throne,GitHub,campaign-ideas/Fantasy/the-checkered-throne,Fantasy,Active/genre,,30,30,Long,Original/clear,Exact-slug candidate (2 packages),55,Manual editorial review,Medium
ir-the-chloroplast-chronicles,The Chloroplast Chronicles,the-chloroplast-chronicles,GitHub,campaign-ideas/Completed/Fantasy/the-chloroplast-chronicles,Fantasy,Completed,,,,Unknown,Original/clear,Exact-slug candidate (2 packages),43,Add/identify primary campaign document,Low
ir-the-chloroplast-chronicles,The Chloroplast Chronicles,the-chloroplast-chronicles,GitHub,campaign-ideas/Fantasy/the-chloroplast-chronicles,Fantasy,Active/genre,,18,18,Medium,Original/clear,Exact-slug candidate (2 packages),50,Manual editorial review,Medium
ir-the-chosen-slayer,The Chosen Slayer,the-chosen-slayer,GitHub,campaign-ideas/Completed/Urban/the-chosen-slayer,Urban,Completed,,12,15,Medium,Original/clear,Unreviewed,77,Manual editorial review,Medium
ir-the-chronomancers-gambit,The Chronomancers Gambit,the-chronomancers-gambit,GitHub,campaign-ideas/Sci-Fi/the-chronomancers-gambit,Sci-Fi,Active/genre,,,,Unknown,Original/clear,Unreviewed,50,Manual editorial review,Medium
ir-the-chronos-commandos,The Chronos Commandos,the-chronos-commandos,GitHub,campaign-ideas/Sci-Fi/the-chronos-commandos,Sci-Fi,Active/genre,,6,8,Short,Original/clear,Unreviewed,56,Manual editorial review,Medium
ir-the-chronos-loop-of-oakhaven,The Chronos Loop Of Oakhaven,the-chronos-loop-of-oakhaven,GitHub,campaign-ideas/Mystery/the-chronos-loop-of-oakhaven,Mystery,Active/genre,,8,10,Short,Original/clear,Unreviewed,66,Manual editorial review,Medium
ir-the-cipher-identity,The Cipher Identity,the-cipher-identity,GitHub,campaign-ideas/Completed/Intrigue/the-cipher-identity,Intrigue,Completed,,28,28,Long,Original/clear,Unreviewed,80,Manual editorial review,Medium
ir-the-city-of-endless-night,The City Of Endless Night,the-city-of-endless-night,GitHub,campaign-ideas/Mystery/the-city-of-endless-night,Mystery,Active/genre,,6,8,Short,Original/clear,Unreviewed,56,Manual editorial review,Medium
ir-the-city-of-the-wandering-colossus,The City Of The Wandering Colossus,the-city-of-the-wandering-colossus,GitHub,campaign-ideas/Fantasy/the-city-of-the-wandering-colossus,Fantasy,Active/genre,,10,12,Medium,Original/clear,Unreviewed,63,Manual editorial review,Medium
ir-the-city-of-whispering-shadows,The City Of Whispering Shadows,the-city-of-whispering-shadows,GitHub,campaign-ideas/Mystery/the-city-of-whispering-shadows,Mystery,Active/genre,,12,15,Medium,Original/clear,Unreviewed,56,Manual editorial review,Medium
ir-the-clockwork-conspiracy,The Clockwork Conspiracy,the-clockwork-conspiracy,GitHub,campaign-ideas/Sci-Fi/the-clockwork-conspiracy,Sci-Fi,Active/genre,,6,8,Short,Original/clear,Unreviewed,58,Manual editorial review,Medium
ir-the-clockwork-paradox,The Clockwork Paradox,the-clockwork-paradox,GitHub,campaign-ideas/Sci-Fi/the-clockwork-paradox,Sci-Fi,Active/genre,,,,Unknown,Original/clear,Unreviewed,50,Manual editorial review,Medium
ir-the-codex-of-lost-tomorrows,The Codex Of Lost Tomorrows,the-codex-of-lost-tomorrows,GitHub,campaign-ideas/Fantasy/the-codex-of-lost-tomorrows,Fantasy,Active/genre,,10,13,Medium,Original/clear,Unreviewed,52,Manual editorial review,Medium
ir-the-coffee-and-tragedy,The Coffee And Tragedy,the-coffee-and-tragedy,GitHub,campaign-ideas/Completed/Urban/the-coffee-and-tragedy,Urban,Completed,,12,15,Medium,Original/clear,Unreviewed,77,Manual editorial review,Medium
ir-the-cogwheel-crown,The Cogwheel Crown,the-cogwheel-crown,GitHub,campaign-ideas/Fantasy/the-cogwheel-crown,Fantasy,Active/genre,,12,15,Medium,Original/clear,Unreviewed,63,Manual editorial review,Medium
ir-the-cold-case-conspiracy,The Cold Case Conspiracy,the-cold-case-conspiracy,GitHub,campaign-ideas/Mystery/the-cold-case-conspiracy,Mystery,Active/genre,,15,20,Medium,Original/clear,Unreviewed,58,Manual editorial review,Medium
ir-the-color-code-conspiracy,The Color Code Conspiracy,the-color-code-conspiracy,GitHub,campaign-ideas/Completed/Intrigue/the-color-code-conspiracy,Intrigue,Completed,,5,7,Short,Original/clear,Exact-slug candidate (2 packages),73,Manual editorial review,Medium
ir-the-color-code-conspiracy,The Color Code Conspiracy,the-color-code-conspiracy,GitHub,campaign-ideas/Intrigue/the-color-code-conspiracy,Intrigue,Active/genre,,,,Unknown,Original/clear,Exact-slug candidate (2 packages),32,Add/identify primary campaign document,Low
ir-the-condemned-isles,The Condemned Isles,the-condemned-isles,GitHub,campaign-ideas/Horror/the-condemned-isles,Horror,Active/genre,,15,25,Medium,Original/clear,Unreviewed,50,Manual editorial review,Medium
ir-the-conquerors-heir,The Conquerors Heir,the-conquerors-heir,GitHub,campaign-ideas/Sci-Fi/the-conquerors-heir,Sci-Fi,Active/genre,,12,15,Medium,Original/clear,Unreviewed,56,Manual editorial review,Medium
ir-the-constants-curse,The Constants Curse,the-constants-curse,GitHub,campaign-ideas/Horror/the-constants-curse,Horror,Active/genre,,,,Unknown,Original/clear,Unreviewed,56,Manual editorial review,Medium
ir-the-consulting-detective,The Consulting Detective,the-consulting-detective,GitHub,campaign-ideas/Mystery/the-consulting-detective,Mystery,Active/genre,,20,30,Long,Original/clear,Unreviewed,52,Manual editorial review,Medium
ir-the-continental-accord,The Continental Accord,the-continental-accord,GitHub,campaign-ideas/Completed/Intrigue/the-continental-accord,Intrigue,Completed,,10,12,Medium,Original/clear,Exact-slug candidate (2 packages),73,Manual editorial review,Medium
ir-the-continental-accord,The Continental Accord,the-continental-accord,GitHub,campaign-ideas/Intrigue/the-continental-accord,Intrigue,Active/genre,,,,Unknown,Original/clear,Exact-slug candidate (2 packages),32,Add/identify primary campaign document,Low
ir-the-coral-court-conspiracy,The Coral Court Conspiracy,the-coral-court-conspiracy,GitHub,campaign-ideas/Fantasy/the-coral-court-conspiracy,Fantasy,Active/genre,,10,12,Medium,Original/clear,Unreviewed,57,Manual editorial review,Medium
ir-the-coral-kingdoms-fall,The Coral Kingdoms Fall,the-coral-kingdoms-fall,GitHub,campaign-ideas/Completed/Fantasy/the-coral-kingdoms-fall,Fantasy,Completed,,,,Unknown,Original/clear,Exact-slug candidate (2 packages),38,Add/identify primary campaign document,Low
ir-the-coral-kingdoms-fall,The Coral Kingdoms Fall,the-coral-kingdoms-fall,GitHub,campaign-ideas/Fantasy/the-coral-kingdoms-fall,Fantasy,Active/genre,,22,22,Long,Original/clear,Exact-slug candidate (2 packages),50,Manual editorial review,Medium
ir-the-cordyceps-crown,The Cordyceps Crown,the-cordyceps-crown,GitHub,campaign-ideas/Completed/Post-Apocalyptic/the-cordyceps-crown,Post-Apocalyptic,Completed,,20,25,Long,Needs transformation,Unreviewed,63,Manual editorial review,Medium
ir-the-corsican-ascension,The Corsican Ascension,the-corsican-ascension,GitHub,campaign-ideas/Historical/the-corsican-ascension,Historical,Active/genre,,,,Unknown,Original/clear,Unreviewed,58,Manual editorial review,Medium
ir-the-cosmic-repo,The Cosmic Repo,the-cosmic-repo,GitHub,campaign-ideas/Sci-Fi/the-cosmic-repo,Sci-Fi,Active/genre,,15,20,Medium,Original/clear,Unreviewed,56,Manual editorial review,Medium
ir-the-count-of-vengeance,The Count Of Vengeance,the-count-of-vengeance,GitHub,campaign-ideas/Intrigue/the-count-of-vengeance,Intrigue,Active/genre,,12,15,Medium,Original/clear,Unreviewed,56,Manual editorial review,Medium
ir-the-court-of-broken-promises,The Court Of Broken Promises,the-court-of-broken-promises,GitHub,campaign-ideas/Fantasy/the-court-of-broken-promises,Fantasy,Active/genre,,8,10,Short,Original/clear,Unreviewed,56,Manual editorial review,Medium
ir-the-creature-awakens,The Creature Awakens,the-creature-awakens,GitHub,campaign-ideas/Horror/the-creature-awakens,Horror,Active/genre,,8,10,Short,Original/clear,Unreviewed,58,Manual editorial review,Medium
ir-the-crimson-games,The Crimson Games,the-crimson-games,GitHub,campaign-ideas/Completed/Post-Apocalyptic/the-crimson-games,Post-Apocalyptic,Completed,,25,30,Long,Original/clear,Unreviewed,77,Manual editorial review,Medium
ir-the-crimson-kitchen,The Crimson Kitchen,the-crimson-kitchen,GitHub,campaign-ideas/Completed/Fantasy/the-crimson-kitchen,Fantasy,Completed,,,,Unknown,Original/clear,Exact-slug candidate (2 packages),43,Add/identify primary campaign document,Low
ir-the-crimson-kitchen,The Crimson Kitchen,the-crimson-kitchen,GitHub,campaign-ideas/Fantasy/the-crimson-kitchen,Fantasy,Active/genre,,25,25,Long,Original/clear,Exact-slug candidate (2 packages),68,Manual editorial review,Medium
ir-the-crimson-masquerade,The Crimson Masquerade,the-crimson-masquerade,GitHub,campaign-ideas/Horror/the-crimson-masquerade,Horror,Active/genre,,,,Unknown,Original/clear,Unreviewed,47,Manual editorial review,Medium
ir-the-crimson-rebirth,The Crimson Rebirth,the-crimson-rebirth,GitHub,campaign-ideas/Completed/Fantasy/the-crimson-rebirth,Fantasy,Completed,,,,Unknown,Original/clear,Exact-slug candidate (2 packages),43,Add/identify primary campaign document,Low
ir-the-crimson-rebirth,The Crimson Rebirth,the-crimson-rebirth,GitHub,campaign-ideas/Fantasy/the-crimson-rebirth,Fantasy,Active/genre,,7,8,Short,Original/clear,Exact-slug candidate (2 packages),68,Manual editorial review,Medium
ir-the-crimson-spire,The Crimson Spire,the-crimson-spire,GitHub,campaign-ideas/Completed/Adventure/the-crimson-spire,Adventure,Completed,,5,7,Short,Original/clear,Unreviewed,77,Manual editorial review,Medium
ir-the-crimson-thread-of-silverport,The Crimson Thread Of Silverport,the-crimson-thread-of-silverport,GitHub,campaign-ideas/Completed/Urban/the-crimson-thread-of-silverport,Urban,Completed,,,,Unknown,Original/clear,Unreviewed,70,Manual editorial review,Medium
ir-the-crimson-wilderness,The Crimson Wilderness,the-crimson-wilderness,GitHub,campaign-ideas/Horror/the-crimson-wilderness,Horror,Active/genre,,9,11,Medium,Original/clear,Unreviewed,59,Manual editorial review,Medium
ir-the-crossing-to-dreamtime,The Crossing To Dreamtime,the-crossing-to-dreamtime,GitHub,campaign-ideas/Completed/Fantasy/the-crossing-to-dreamtime,Fantasy,Completed,,,,Unknown,Original/clear,Exact-slug candidate (2 packages),43,Add/identify primary campaign document,Low
ir-the-crossing-to-dreamtime,The Crossing To Dreamtime,the-crossing-to-dreamtime,GitHub,campaign-ideas/Fantasy/the-crossing-to-dreamtime,Fantasy,Active/genre,,18,24,Long,Original/clear,Exact-slug candidate (2 packages),56,Manual editorial review,Medium
ir-the-crown-of-aethermoor,The Crown Of Aethermoor,the-crown-of-aethermoor,GitHub,campaign-ideas/Ideas-To-Expand/the-crown-of-aethermoor,Ideas-To-Expand,Active/genre,,9,9,Short,Original/clear,Unreviewed,42,Add/identify primary campaign document,Low
ir-the-crystal-of-truth,The Crystal Of Truth,the-crystal-of-truth,GitHub,campaign-ideas/Completed/Fantasy/the-crystal-of-truth,Fantasy,Completed,,,,Unknown,Original/clear,Exact-slug candidate (2 packages),43,Add/identify primary campaign document,Low
ir-the-crystal-of-truth,The Crystal Of Truth,the-crystal-of-truth,GitHub,campaign-ideas/Fantasy/the-crystal-of-truth,Fantasy,Active/genre,,10,14,Medium,Original/clear,Exact-slug candidate (2 packages),56,Manual editorial review,Medium
ir-the-cube-realm-chronicles,The Cube Realm Chronicles,the-cube-realm-chronicles,GitHub,campaign-ideas/Completed/Fantasy/the-cube-realm-chronicles,Fantasy,Completed,,,,Unknown,Original/clear,Exact-slug candidate (2 packages),43,Add/identify primary campaign document,Low
ir-the-cube-realm-chronicles,The Cube Realm Chronicles,the-cube-realm-chronicles,GitHub,campaign-ideas/Fantasy/the-cube-realm-chronicles,Fantasy,Active/genre,,,,Unknown,Original/clear,Exact-slug candidate (2 packages),56,Manual editorial review,Medium
ir-the-cupboard-wars,The Cupboard Wars,the-cupboard-wars,GitHub,campaign-ideas/Historical/the-cupboard-wars,Historical,Active/genre,,25,25,Long,Original/clear,Unreviewed,59,Manual editorial review,Medium
ir-the-curse-of-lea-monde,The Curse Of Lea Monde,the-curse-of-lea-monde,GitHub,campaign-ideas/Horror/the-curse-of-lea-monde,Horror,Active/genre,,12,15,Medium,Original/clear,Unreviewed,63,Manual editorial review,Medium
ir-the-curse-of-thorns-and-roses,The Curse Of Thorns And Roses,the-curse-of-thorns-and-roses,GitHub,campaign-ideas/Completed/Fantasy/the-curse-of-thorns-and-roses,Fantasy,Completed,,,,Unknown,Original/clear,Exact-slug candidate (2 packages),43,Add/identify primary campaign document,Low
ir-the-curse-of-thorns-and-roses,The Curse Of Thorns And Roses,the-curse-of-thorns-and-roses,GitHub,campaign-ideas/Fantasy/the-curse-of-thorns-and-roses,Fantasy,Active/genre,,12,16,Medium,Original/clear,Exact-slug candidate (2 packages),56,Manual editorial review,Medium
ir-the-dali-dimension,The Dali Dimension,the-dali-dimension,GitHub,campaign-ideas/Completed/Fantasy/the-dali-dimension,Fantasy,Completed,,,,Unknown,Original/clear,Exact-slug candidate (2 packages),43,Add/identify primary campaign document,Low
ir-the-dali-dimension,The Dali Dimension,the-dali-dimension,GitHub,campaign-ideas/Fantasy/the-dali-dimension,Fantasy,Active/genre,,3,3,Micro/one-shot,Original/clear,Exact-slug candidate (2 packages),62,Manual editorial review,Medium
ir-the-dark-lords-day-job,The Dark Lords Day Job,the-dark-lords-day-job,GitHub,campaign-ideas/Completed/Urban/the-dark-lords-day-job,Urban,Completed,,7,8,Short,Original/clear,Unreviewed,64,Add/identify primary campaign document,Low
ir-the-dead-walk-among-us,The Dead Walk Among Us,the-dead-walk-among-us,GitHub,campaign-ideas/Horror/the-dead-walk-among-us,Horror,Active/genre,,15,20,Medium,Original/clear,Unreviewed,56,Manual editorial review,Medium
ir-the-death-note-gambit,The Death Note Gambit,the-death-note-gambit,GitHub,campaign-ideas/Intrigue/the-death-note-gambit,Intrigue,Active/genre,,30,40,Long,Original/clear,Unreviewed,60,Manual editorial review,Medium
ir-the-deep-cover-covenant,The Deep Cover Covenant,the-deep-cover-covenant,GitHub,campaign-ideas/Intrigue/the-deep-cover-covenant,Intrigue,Active/genre,,26,26,Long,Original/clear,Unreviewed,60,Manual editorial review,Medium
ir-the-deep-hunters,The Deep Hunters,the-deep-hunters,GitHub,campaign-ideas/Horror/the-deep-hunters,Horror,Active/genre,,4,6,Short,Original/clear,Unreviewed,56,Manual editorial review,Medium
ir-the-deepwater-cataclysm,The Deepwater Cataclysm,the-deepwater-cataclysm,GitHub,campaign-ideas/Horror/the-deepwater-cataclysm,Horror,Active/genre,,26,32,Long,Original/clear,Unreviewed,50,Manual editorial review,Medium
ir-the-demon-barbers-revenge,The Demon Barbers Revenge,the-demon-barbers-revenge,GitHub,campaign-ideas/Horror/the-demon-barbers-revenge,Horror,Active/genre,,12,15,Medium,Original/clear,Unreviewed,56,Manual editorial review,Medium
ir-the-demon-kings-shadow,The Demon Kings Shadow,the-demon-kings-shadow,GitHub,campaign-ideas/Completed/Fantasy/the-demon-kings-shadow,Fantasy,Completed,,,,Unknown,Original/clear,Exact-slug candidate (2 packages),43,Add/identify primary campaign document,Low
ir-the-demon-kings-shadow,The Demon Kings Shadow,the-demon-kings-shadow,GitHub,campaign-ideas/Fantasy/the-demon-kings-shadow,Fantasy,Active/genre,,30,30,Long,Original/clear,Exact-slug candidate (2 packages),50,Manual editorial review,Medium
ir-the-depths-of-madness,The Depths Of Madness,the-depths-of-madness,GitHub,campaign-ideas/Horror/the-depths-of-madness,Horror,Active/genre,,25,25,Long,Original/clear,Unreviewed,50,Manual editorial review,Medium
ir-the-derelict-dyson-sphere,The Derelict Dyson Sphere,the-derelict-dyson-sphere,GitHub,campaign-ideas/Sci-Fi/the-derelict-dyson-sphere,Sci-Fi,Active/genre,,12,15,Medium,Original/clear,Unreviewed,63,Manual editorial review,Medium
ir-the-devils-bargain,The Devils Bargain,the-devils-bargain,GitHub,campaign-ideas/Completed/Fantasy/the-devils-bargain,Fantasy,Completed,,,,Unknown,Original/clear,Exact-slug candidate (2 packages),43,Add/identify primary campaign document,Low
ir-the-devils-bargain,The Devils Bargain,the-devils-bargain,GitHub,campaign-ideas/Fantasy/the-devils-bargain,Fantasy,Active/genre,,30,30,Long,Original/clear,Exact-slug candidate (2 packages),57,Manual editorial review,Medium
ir-the-devils-doctor,The Devils Doctor,the-devils-doctor,GitHub,campaign-ideas/Intrigue/the-devils-doctor,Intrigue,Active/genre,,12,15,Medium,Original/clear,Unreviewed,59,Manual editorial review,Medium
ir-the-devils-herd,The Devils Herd,the-devils-herd,GitHub,campaign-ideas/Completed/Post-Apocalyptic/the-devils-herd,Post-Apocalyptic,Completed,,,,Unknown,Original/clear,Unreviewed,59,Manual editorial review,Medium
ir-the-diamond-underworld,The Diamond Underworld,the-diamond-underworld,GitHub,campaign-ideas/Intrigue/the-diamond-underworld,Intrigue,Active/genre,,7,9,Short,Original/clear,Unreviewed,56,Manual editorial review,Medium
ir-the-divergence-protocol,The Divergence Protocol,the-divergence-protocol,GitHub,campaign-ideas/Sci-Fi/the-divergence-protocol,Sci-Fi,Active/genre,,10,13,Medium,Original/clear,Unreviewed,53,Manual editorial review,Medium
ir-the-divine-comedy-quest,The Divine Comedy Quest,the-divine-comedy-quest,GitHub,campaign-ideas/Fantasy/the-divine-comedy-quest,Fantasy,Active/genre,,6,8,Short,Original/clear,Unreviewed,63,Manual editorial review,Medium
ir-the-dominion-protocol,The Dominion Protocol,the-dominion-protocol,GitHub,campaign-ideas/Fantasy/the-dominion-protocol,Fantasy,Active/genre,,30,30,Long,Needs transformation,Unreviewed,40,Manual editorial review,Medium
ir-the-doorway-between-worlds,The Doorway Between Worlds,the-doorway-between-worlds,GitHub,campaign-ideas/Fantasy/the-doorway-between-worlds,Fantasy,Active/genre,,8,8,Short,Original/clear,Unreviewed,58,Manual editorial review,Medium
ir-the-dream-thieves-guild,The Dream Thieves Guild,the-dream-thieves-guild,GitHub,campaign-ideas/Sci-Fi/the-dream-thieves-guild,Sci-Fi,Active/genre,,10,12,Medium,Original/clear,Unreviewed,56,Manual editorial review,Medium
ir-the-dreaming-city,The Dreaming City,the-dreaming-city,GitHub,campaign-ideas/Horror/the-dreaming-city,Horror,Active/genre,,25,25,Long,Original/clear,Unreviewed,55,Manual editorial review,Medium
ir-the-dreaming-throne,The Dreaming Throne,the-dreaming-throne,GitHub,campaign-ideas/Horror/the-dreaming-throne,Horror,Active/genre,,15,20,Medium,Original/clear,Unreviewed,58,Manual editorial review,Medium
ir-the-dreamscape-manifest,The Dreamscape Manifest,the-dreamscape-manifest,GitHub,campaign-ideas/Horror/the-dreamscape-manifest,Horror,Active/genre,,10,12,Medium,Original/clear,Unreviewed,60,Manual editorial review,Medium
ir-the-drowned-citadel,The Drowned Citadel,the-drowned-citadel,GitHub,campaign-ideas/Horror/the-drowned-citadel,Horror,Active/genre,,30,30,Long,Original/clear,Unreviewed,65,Manual editorial review,Medium
ir-the-drowning-bargain,The Drowning Bargain,the-drowning-bargain,GitHub,campaign-ideas/Horror/the-drowning-bargain,Horror,Active/genre,,12,16,Medium,Original/clear,Unreviewed,53,Manual editorial review,Medium
ir-the-drowning-world,The Drowning World,the-drowning-world,GitHub,campaign-ideas/Horror/the-drowning-world,Horror,Active/genre,,28,36,Long,Original/clear,Unreviewed,53,Manual editorial review,Medium
ir-the-dude-abides,The Dude Abides,the-dude-abides,GitHub,campaign-ideas/Mystery/the-dude-abides,Mystery,Active/genre,,15,20,Medium,Original/clear,Unreviewed,56,Manual editorial review,Medium
ir-the-dungeon-keepers-guild,The Dungeon Keepers Guild,the-dungeon-keepers-guild,GitHub,campaign-ideas/Sci-Fi/the-dungeon-keepers-guild,Sci-Fi,Active/genre,,8,10,Short,Original/clear,Unreviewed,63,Manual editorial review,Medium
ir-the-dungeon-weaver,The Dungeon Weaver,the-dungeon-weaver,GitHub,campaign-ideas/Horror/the-dungeon-weaver,Horror,Active/genre,,6,8,Short,Original/clear,Unreviewed,65,Manual editorial review,Medium
ir-the-dusty-gates-of-irkalla,The Dusty Gates Of Irkalla,the-dusty-gates-of-irkalla,GitHub,campaign-ideas/Horror/the-dusty-gates-of-irkalla,Horror,Active/genre,,14,18,Medium,Original/clear,Unreviewed,53,Manual editorial review,Medium
ir-the-eclipses-shadow,The Eclipses Shadow,the-eclipses-shadow,GitHub,campaign-ideas/Horror/the-eclipses-shadow,Horror,Active/genre,,15,18,Medium,Original/clear,Unreviewed,61,Manual editorial review,Medium
ir-the-elder-dragon-migration,The Elder Dragon Migration,the-elder-dragon-migration,GitHub,campaign-ideas/Sci-Fi/the-elder-dragon-migration,Sci-Fi,Active/genre,,,,Unknown,Original/clear,Unreviewed,53,Manual editorial review,Medium
ir-the-elder-dragons-awakening,The Elder Dragons Awakening,the-elder-dragons-awakening,GitHub,campaign-ideas/Horror/the-elder-dragons-awakening,Horror,Active/genre,,,,Unknown,Original/clear,Unreviewed,53,Manual editorial review,Medium
ir-the-eldritch-slip,The Eldritch Slip,the-eldritch-slip,GitHub,campaign-ideas/Horror/the-eldritch-slip,Horror,Active/genre,,,,Unknown,Original/clear,Unreviewed,41,Manual editorial review,Medium
ir-the-elemental-concordance,The Elemental Concordance,the-elemental-concordance,GitHub,campaign-ideas/Horror/the-elemental-concordance,Horror,Active/genre,,10,12,Medium,Original/clear,Unreviewed,58,Manual editorial review,Medium
ir-the-ember-rebellion,The Ember Rebellion,the-ember-rebellion,GitHub,campaign-ideas/Sci-Fi/the-ember-rebellion,Sci-Fi,Active/genre,,12,15,Medium,Original/clear,Unreviewed,59,Manual editorial review,Medium
ir-the-emerald-abyss,The Emerald Abyss,the-emerald-abyss,GitHub,campaign-ideas/Horror/the-emerald-abyss,Horror,Active/genre,,10,12,Medium,Original/clear,Unreviewed,56,Manual editorial review,Medium
ir-the-emotion-manifold,The Emotion Manifold,the-emotion-manifold,GitHub,campaign-ideas/Horror/the-emotion-manifold,Horror,Active/genre,,8,12,Medium,Original/clear,Unreviewed,56,Manual editorial review,Medium
ir-the-emotionless-regime,The Emotionless Regime,the-emotionless-regime,GitHub,campaign-ideas/Sci-Fi/the-emotionless-regime,Sci-Fi,Active/genre,,10,12,Medium,Original/clear,Unreviewed,59,Manual editorial review,Medium
ir-the-emperors-crucible,The Emperors Crucible,the-emperors-crucible,GitHub,campaign-ideas/Horror/the-emperors-crucible,Horror,Active/genre,,38,38,Epic,Original/clear,Unreviewed,50,Manual editorial review,Medium
ir-the-endless-azure,The Endless Azure,the-endless-azure,GitHub,campaign-ideas/Historical/the-endless-azure,Historical,Active/genre,,25,30,Long,Original/clear,Unreviewed,58,Manual editorial review,Medium
ir-the-endless-deluge,The Endless Deluge,the-endless-deluge,GitHub,campaign-ideas/Horror/the-endless-deluge,Horror,Active/genre,,12,15,Medium,Original/clear,Unreviewed,56,Manual editorial review,Medium
ir-the-endless-delve,The Endless Delve,the-endless-delve,GitHub,campaign-ideas/Horror/the-endless-delve,Horror,Active/genre,,,,Unknown,Original/clear,Unreviewed,53,Manual editorial review,Medium
ir-the-endless-descent,The Endless Descent,the-endless-descent,GitHub,campaign-ideas/Horror/the-endless-descent,Horror,Active/genre,,14,17,Medium,Original/clear,Unreviewed,56,Manual editorial review,Medium
ir-the-endless-loop,The Endless Loop,the-endless-loop,GitHub,campaign-ideas/Horror/the-endless-loop,Horror,Active/genre,,7,8,Short,Original/clear,Unreviewed,63,Manual editorial review,Medium
ir-the-endless-simulation,The Endless Simulation,the-endless-simulation,GitHub,campaign-ideas/Mystery/the-endless-simulation,Mystery,Active/genre,,10,14,Medium,Original/clear,Unreviewed,61,Manual editorial review,Medium
ir-the-endless-storm,The Endless Storm,the-endless-storm,GitHub,campaign-ideas/Sci-Fi/the-endless-storm,Sci-Fi,Active/genre,,4,4,Short,Original/clear,Unreviewed,61,Manual editorial review,Medium
ir-the-endless-theater,The Endless Theater,the-endless-theater,GitHub,campaign-ideas/Sci-Fi/the-endless-theater,Sci-Fi,Active/genre,,29,29,Long,Original/clear,Unreviewed,50,Manual editorial review,Medium
ir-the-endless-war-cycle,The Endless War Cycle,the-endless-war-cycle,GitHub,campaign-ideas/Sci-Fi/the-endless-war-cycle,Sci-Fi,Active/genre,,10,14,Medium,Original/clear,Unreviewed,56,Manual editorial review,Medium
ir-the-eternal-court-war,The Eternal Court War,the-eternal-court-war,GitHub,campaign-ideas/Completed/Post-Apocalyptic/the-eternal-court-war,Post-Apocalyptic,Completed,,,,Unknown,Original/clear,Unreviewed,67,Manual editorial review,Medium
ir-the-eternal-feast,The Eternal Feast,the-eternal-feast,GitHub,campaign-ideas/Completed/Intrigue/the-eternal-feast,Intrigue,Completed,,35,35,Long,Original/clear,Unreviewed,90,Manual editorial review,Medium
ir-the-eternal-flight,The Eternal Flight,the-eternal-flight,GitHub,campaign-ideas/Historical/the-eternal-flight,Historical,Active/genre,,30,30,Long,Original/clear,Unreviewed,60,Manual editorial review,Medium
ir-the-eternal-relay,The Eternal Relay,the-eternal-relay,GitHub,campaign-ideas/Fantasy/the-eternal-relay,Fantasy,Active/genre,,15,20,Medium,Original/clear,Unreviewed,56,Manual editorial review,Medium
ir-the-eternal-return,The Eternal Return,the-eternal-return,GitHub,campaign-ideas/Horror/the-eternal-return,Horror,Active/genre,,28,28,Long,Original/clear,Unreviewed,62,Manual editorial review,Medium
ir-the-eternal-shores-of-tir-na-nog,The Eternal Shores Of Tir Na Nog,the-eternal-shores-of-tir-na-nog,GitHub,campaign-ideas/Sci-Fi/the-eternal-shores-of-tir-na-nog,Sci-Fi,Active/genre,,16,22,Medium,Original/clear,Unreviewed,56,Manual editorial review,Medium
ir-the-exiled-tales,The Exiled Tales,the-exiled-tales,GitHub,campaign-ideas/Mystery/the-exiled-tales,Mystery,Active/genre,,15,20,Medium,Original/clear,Unreviewed,56,Manual editorial review,Medium
ir-the-exodus-of-ash-and-ice,The Exodus Of Ash And Ice,the-exodus-of-ash-and-ice,GitHub,campaign-ideas/Completed/Post-Apocalyptic/the-exodus-of-ash-and-ice,Post-Apocalyptic,Completed,,,,Unknown,Original/clear,Unreviewed,62,Manual editorial review,Medium
ir-the-extinction-protocol,The Extinction Protocol,the-extinction-protocol,GitHub,campaign-ideas/Horror/the-extinction-protocol,Horror,Active/genre,,12,20,Medium,Original/clear,Unreviewed,53,Manual editorial review,Medium
ir-the-faceless-stalker,The Faceless Stalker,the-faceless-stalker,GitHub,campaign-ideas/Horror/the-faceless-stalker,Horror,Active/genre,,10,15,Medium,Original/clear,Unreviewed,59,Manual editorial review,Medium
ir-the-faction-protocol,The Faction Protocol,the-faction-protocol,GitHub,campaign-ideas/Sci-Fi/the-faction-protocol,Sci-Fi,Active/genre,,12,15,Medium,Original/clear,Unreviewed,58,Manual editorial review,Medium
ir-the-fading-weave,The Fading Weave,the-fading-weave,GitHub,campaign-ideas/Sci-Fi/the-fading-weave,Sci-Fi,Active/genre,,12,15,Medium,Original/clear,Unreviewed,59,Manual editorial review,Medium
ir-the-falling-star,The Falling Star,the-falling-star,GitHub,campaign-ideas/Horror/the-falling-star,Horror,Active/genre,,30,40,Long,Original/clear,Unreviewed,53,Manual editorial review,Medium
ir-the-fauns-labyrinth,The Fauns Labyrinth,the-fauns-labyrinth,GitHub,campaign-ideas/Horror/the-fauns-labyrinth,Horror,Active/genre,,10,12,Medium,Original/clear,Unreviewed,56,Manual editorial review,Medium
ir-the-felidae-conspiracy,The Felidae Conspiracy,the-felidae-conspiracy,GitHub,campaign-ideas/Sci-Fi/the-felidae-conspiracy,Sci-Fi,Active/genre,,,,Unknown,Original/clear,Unreviewed,44,Manual editorial review,Medium
ir-the-fever-of-the-world,The Fever Of The World,the-fever-of-the-world,GitHub,campaign-ideas/Completed/Post-Apocalyptic/the-fever-of-the-world,Post-Apocalyptic,Completed,,,,Unknown,Original/clear,Unreviewed,66,Manual editorial review,Medium
ir-the-final-chapter,The Final Chapter,the-final-chapter,GitHub,campaign-ideas/Sci-Fi/the-final-chapter,Sci-Fi,Active/genre,,28,28,Long,Original/clear,Unreviewed,50,Manual editorial review,Medium
ir-the-final-examination,The Final Examination,the-final-examination,GitHub,campaign-ideas/Horror/the-final-examination,Horror,Active/genre,,8,10,Short,Original/clear,Unreviewed,56,Manual editorial review,Medium
ir-the-first-temple,The First Temple,the-first-temple,GitHub,campaign-ideas/Horror/the-first-temple,Horror,Active/genre,,,,Unknown,Original/clear,Unreviewed,44,Manual editorial review,Medium
ir-the-five-serpents-revenge,The Five Serpents Revenge,the-five-serpents-revenge,GitHub,campaign-ideas/Mystery/the-five-serpents-revenge,Mystery,Active/genre,,6,8,Short,Original/clear,Unreviewed,56,Manual editorial review,Medium
ir-the-flashpoint-paradox,The Flashpoint Paradox,the-flashpoint-paradox,GitHub,campaign-ideas/Horror/the-flashpoint-paradox,Horror,Active/genre,,,,Unknown,Original/clear,Unreviewed,53,Manual editorial review,Medium
ir-the-flesh-weavers-lament,The Flesh Weavers Lament,the-flesh-weavers-lament,GitHub,campaign-ideas/Horror/the-flesh-weavers-lament,Horror,Active/genre,,10,12,Medium,Original/clear,Unreviewed,59,Manual editorial review,Medium
ir-the-floating-fortress,The Floating Fortress,the-floating-fortress,GitHub,campaign-ideas/Horror/the-floating-fortress,Horror,Active/genre,,7,8,Short,Original/clear,Unreviewed,62,Manual editorial review,Medium
ir-the-fools-journey,The Fools Journey,the-fools-journey,GitHub,campaign-ideas/Horror/the-fools-journey,Horror,Active/genre,,40,40,Epic,Original/clear,Unreviewed,65,Manual editorial review,Medium
ir-the-forest-giant,The Forest Giant,the-forest-giant,GitHub,campaign-ideas/Mystery/the-forest-giant,Mystery,Active/genre,,10,15,Medium,Original/clear,Unreviewed,56,Manual editorial review,Medium
ir-the-forgotten-assassin,The Forgotten Assassin,the-forgotten-assassin,GitHub,campaign-ideas/Horror/the-forgotten-assassin,Horror,Active/genre,,12,16,Medium,Original/clear,Unreviewed,56,Manual editorial review,Medium
ir-the-forgotten-huntress,The Forgotten Huntress,the-forgotten-huntress,GitHub,campaign-ideas/Sci-Fi/the-forgotten-huntress,Sci-Fi,Active/genre,,9,11,Medium,Needs transformation,Unreviewed,49,Manual editorial review,Medium
ir-the-forgotten-shelf,The Forgotten Shelf,the-forgotten-shelf,GitHub,campaign-ideas/Horror/the-forgotten-shelf,Horror,Active/genre,,20,20,Medium,Original/clear,Unreviewed,65,Manual editorial review,Medium
ir-the-fungal-frontier,The Fungal Frontier,the-fungal-frontier,GitHub,campaign-ideas/Horror/the-fungal-frontier,Horror,Active/genre,,18,24,Long,Original/clear,Unreviewed,50,Manual editorial review,Medium
ir-the-game-of-faces,The Game Of Faces,the-game-of-faces,GitHub,campaign-ideas/Horror/the-game-of-faces,Horror,Active/genre,,18,25,Long,Original/clear,Unreviewed,53,Manual editorial review,Medium
ir-the-generational-crown,The Generational Crown,the-generational-crown,GitHub,campaign-ideas/Mystery/the-generational-crown,Mystery,Active/genre,,25,30,Long,Original/clear,Unreviewed,65,Manual editorial review,Medium
ir-the-geometric-metropolis,The Geometric Metropolis,the-geometric-metropolis,GitHub,campaign-ideas/Sci-Fi/the-geometric-metropolis,Sci-Fi,Active/genre,,12,16,Medium,Original/clear,Unreviewed,54,Manual editorial review,Medium
ir-the-ghost-in-the-machine,The Ghost In The Machine,the-ghost-in-the-machine,GitHub,campaign-ideas/Sci-Fi/the-ghost-in-the-machine,Sci-Fi,Active/genre,,15,22,Medium,Original/clear,Unreviewed,53,Manual editorial review,Medium
ir-the-ghost-of-midgard,The Ghost Of Midgard,the-ghost-of-midgard,GitHub,campaign-ideas/Completed/Fantasy/the-ghost-of-midgard,Fantasy,Completed,,15,20,Medium,Original/clear,Unreviewed,73,Manual editorial review,Medium
ir-the-gilded-blight,The Gilded Blight,the-gilded-blight,GitHub,campaign-ideas/Sci-Fi/the-gilded-blight,Sci-Fi,Active/genre,,6,8,Short,Original/clear,Unreviewed,63,Manual editorial review,Medium
ir-the-gilded-cage-of-automata,The Gilded Cage Of Automata,the-gilded-cage-of-automata,GitHub,campaign-ideas/Sci-Fi/the-gilded-cage-of-automata,Sci-Fi,Active/genre,,10,12,Medium,Original/clear,Unreviewed,56,Manual editorial review,Medium
ir-the-gingerbread-grave,The Gingerbread Grave,the-gingerbread-grave,GitHub,campaign-ideas/Horror/the-gingerbread-grave,Horror,Active/genre,,12,16,Medium,Original/clear,Unreviewed,56,Manual editorial review,Medium
ir-the-glassflame-tower,The Glassflame Tower,the-glassflame-tower,GitHub,campaign-ideas/Completed/Post-Apocalyptic/the-glassflame-tower,Post-Apocalyptic,Completed,,6,8,Short,Original/clear,Unreviewed,73,Manual editorial review,Medium
ir-the-glow-beneath,The Glow Beneath,the-glow-beneath,GitHub,campaign-ideas/Completed/Post-Apocalyptic/the-glow-beneath,Post-Apocalyptic,Completed,,35,35,Long,Original/clear,Unreviewed,77,Manual editorial review,Medium
ir-the-god-corpse-isles,The God Corpse Isles,the-god-corpse-isles,GitHub,campaign-ideas/Horror/the-god-corpse-isles,Horror,Active/genre,,15,20,Medium,Original/clear,Unreviewed,59,Manual editorial review,Medium
ir-the-gods-apology,The Gods Apology,the-gods-apology,GitHub,campaign-ideas/Sci-Fi/the-gods-apology,Sci-Fi,Active/genre,,8,8,Short,Original/clear,Unreviewed,61,Manual editorial review,Medium
ir-the-gods-judgment,The Gods Judgment,the-gods-judgment,GitHub,campaign-ideas/Mystery/the-gods-judgment,Mystery,Active/genre,,10,13,Medium,Original/clear,Unreviewed,59,Manual editorial review,Medium
ir-the-golden-colosseum,The Golden Colosseum,the-golden-colosseum,GitHub,campaign-ideas/Sci-Fi/the-golden-colosseum,Sci-Fi,Active/genre,,25,35,Long,Original/clear,Unreviewed,50,Manual editorial review,Medium
ir-the-golden-fleece-expedition,The Golden Fleece Expedition,the-golden-fleece-expedition,GitHub,campaign-ideas/Horror/the-golden-fleece-expedition,Horror,Active/genre,,30,30,Long,Needs transformation,Unreviewed,40,Manual editorial review,Medium
ir-the-good-giants-war,The Good Giants War,the-good-giants-war,GitHub,campaign-ideas/Horror/the-good-giants-war,Horror,Active/genre,,20,30,Long,Original/clear,Unreviewed,60,Manual editorial review,Medium
ir-the-gourmet-abyss,The Gourmet Abyss,the-gourmet-abyss,GitHub,campaign-ideas/Horror/the-gourmet-abyss,Horror,Active/genre,,40,40,Epic,Original/clear,Unreviewed,60,Manual editorial review,Medium
ir-the-grails-corruption,The Grails Corruption,the-grails-corruption,GitHub,campaign-ideas/Horror/the-grails-corruption,Horror,Active/genre,,12,15,Medium,Original/clear,Unreviewed,56,Manual editorial review,Medium
ir-the-grand-conjunction,The Grand Conjunction,the-grand-conjunction,GitHub,campaign-ideas/Historical/the-grand-conjunction,Historical,Active/genre,,20,20,Medium,Original/clear,Unreviewed,54,Manual editorial review,Medium
ir-the-grand-theater,The Grand Theater,the-grand-theater,GitHub,campaign-ideas/Horror/the-grand-theater,Horror,Active/genre,,12,18,Medium,Original/clear,Unreviewed,60,Manual editorial review,Medium
ir-the-grandmaster-legacy,The Grandmaster Legacy,the-grandmaster-legacy,GitHub,campaign-ideas/Sci-Fi/the-grandmaster-legacy,Sci-Fi,Active/genre,,16,20,Medium,Original/clear,Unreviewed,56,Manual editorial review,Medium
ir-the-graphite-scourge,The Graphite Scourge,the-graphite-scourge,GitHub,campaign-ideas/Horror/the-graphite-scourge,Horror,Active/genre,,8,12,Medium,Original/clear,Unreviewed,50,Manual editorial review,Medium
ir-the-gray-veil,The Gray Veil,the-gray-veil,GitHub,campaign-ideas/Horror/the-gray-veil,Horror,Active/genre,,4,6,Short,Original/clear,Unreviewed,56,Manual editorial review,Medium
ir-the-gray-veil-town,The Gray Veil Town,the-gray-veil-town,GitHub,campaign-ideas/Horror/the-gray-veil-town,Horror,Active/genre,,8,10,Short,Original/clear,Unreviewed,56,Manual editorial review,Medium
ir-the-greatest-trick,The Greatest Trick,the-greatest-trick,GitHub,campaign-ideas/Post-Apocalyptic/the-greatest-trick,Post-Apocalyptic,Active/genre,,7,9,Short,Original/clear,Unreviewed,59,Manual editorial review,Medium
ir-the-guild-of-endless-creation,The Guild Of Endless Creation,the-guild-of-endless-creation,GitHub,campaign-ideas/Horror/the-guild-of-endless-creation,Horror,Active/genre,,12,18,Medium,Original/clear,Unreviewed,63,Manual editorial review,Medium
ir-the-guillotines-shadow,The Guillotines Shadow,the-guillotines-shadow,GitHub,campaign-ideas/Horror/the-guillotines-shadow,Horror,Active/genre,,10,12,Medium,Original/clear,Unreviewed,56,Manual editorial review,Medium
ir-the-hackers-investigation,The Hackers Investigation,the-hackers-investigation,GitHub,campaign-ideas/Horror/the-hackers-investigation,Horror,Active/genre,,20,25,Long,Original/clear,Unreviewed,58,Manual editorial review,Medium
ir-the-halls-of-valhalla,The Halls Of Valhalla,the-halls-of-valhalla,GitHub,campaign-ideas/Mystery/the-halls-of-valhalla,Mystery,Active/genre,,25,30,Long,Original/clear,Unreviewed,68,Manual editorial review,Medium
ir-the-hanged-perspective,The Hanged Perspective,the-hanged-perspective,GitHub,campaign-ideas/Horror/the-hanged-perspective,Horror,Active/genre,,26,26,Long,Original/clear,Unreviewed,57,Manual editorial review,Medium
ir-the-harbor-attack,The Harbor Attack,the-harbor-attack,GitHub,campaign-ideas/Horror/the-harbor-attack,Horror,Active/genre,,4,6,Short,Original/clear,Unreviewed,59,Manual editorial review,Medium
ir-the-harvest-moon-academy,The Harvest Moon Academy,the-harvest-moon-academy,GitHub,campaign-ideas/Sci-Fi/the-harvest-moon-academy,Sci-Fi,Active/genre,,12,16,Medium,Original/clear,Unreviewed,63,Manual editorial review,Medium
ir-the-hermits-pilgrimage,The Hermits Pilgrimage,the-hermits-pilgrimage,GitHub,campaign-ideas/Completed/Fantasy/the-hermits-pilgrimage,Fantasy,Completed,,25,25,Long,Original/clear,Unreviewed,74,Manual editorial review,Medium
ir-the-heroes-paddle,The Heroes Paddle,the-heroes-paddle,GitHub,campaign-ideas/Sci-Fi/the-heroes-paddle,Sci-Fi,Active/genre,,15,20,Medium,Original/clear,Unreviewed,56,Manual editorial review,Medium
ir-the-heroes-registration-act,The Heroes Registration Act,the-heroes-registration-act,GitHub,campaign-ideas/Historical/the-heroes-registration-act,Historical,Active/genre,,,,Unknown,Needs transformation,Unreviewed,37,Manual editorial review,Medium
ir-the-hidden-empress,The Hidden Empress,the-hidden-empress,GitHub,campaign-ideas/Horror/the-hidden-empress,Horror,Active/genre,,7,8,Short,Needs transformation,Unreviewed,55,Manual editorial review,Medium
ir-the-hollow-kingdom,The Hollow Kingdom,the-hollow-kingdom,GitHub,campaign-ideas/Horror/the-hollow-kingdom,Horror,Active/genre,,15,22,Medium,Original/clear,Unreviewed,56,Manual editorial review,Medium
ir-the-hollow-throne,The Hollow Throne,the-hollow-throne,GitHub,campaign-ideas/Sci-Fi/the-hollow-throne,Sci-Fi,Active/genre,,10,10,Medium,Original/clear,Unreviewed,61,Manual editorial review,Medium
ir-the-hue-of-justice,The Hue Of Justice,the-hue-of-justice,GitHub,campaign-ideas/Sci-Fi/the-hue-of-justice,Sci-Fi,Active/genre,,10,12,Medium,Original/clear,Unreviewed,53,Manual editorial review,Medium
ir-the-humanoid-typhoon,The Humanoid Typhoon,the-humanoid-typhoon,GitHub,campaign-ideas/Sci-Fi/the-humanoid-typhoon,Sci-Fi,Active/genre,,15,18,Medium,Original/clear,Unreviewed,56,Manual editorial review,Medium
ir-the-hundred-year-thorn,The Hundred Year Thorn,the-hundred-year-thorn,GitHub,campaign-ideas/Horror/the-hundred-year-thorn,Horror,Active/genre,,12,16,Medium,Original/clear,Unreviewed,56,Manual editorial review,Medium
ir-the-hunters-dream,The Hunters Dream,the-hunters-dream,GitHub,campaign-ideas/Horror/the-hunters-dream,Horror,Active/genre,,12,15,Medium,Original/clear,Unreviewed,58,Manual editorial review,Medium
ir-the-hurricane-that-wouldnt-die,The Hurricane That Wouldnt Die,the-hurricane-that-wouldnt-die,GitHub,campaign-ideas/Horror/the-hurricane-that-wouldnt-die,Horror,Active/genre,,,,Unknown,Original/clear,Unreviewed,57,Manual editorial review,Medium
ir-the-immortal-arena,The Immortal Arena,the-immortal-arena,GitHub,campaign-ideas/Horror/the-immortal-arena,Horror,Active/genre,,30,40,Long,Original/clear,Unreviewed,58,Manual editorial review,Medium
ir-the-immortal-prisoner,The Immortal Prisoner,the-immortal-prisoner,GitHub,campaign-ideas/Horror/the-immortal-prisoner,Horror,Active/genre,,15,20,Medium,Original/clear,Unreviewed,56,Manual editorial review,Medium
ir-the-immune-legion,The Immune Legion,the-immune-legion,GitHub,campaign-ideas/Historical/the-immune-legion,Historical,Active/genre,,28,28,Long,Original/clear,Unreviewed,50,Manual editorial review,Medium
ir-the-impossible-vault,The Impossible Vault,the-impossible-vault,GitHub,campaign-ideas/Completed/Intrigue/the-impossible-vault,Intrigue,Completed,,8,10,Short,Original/clear,Unreviewed,73,Manual editorial review,Medium
ir-the-industrial-underworld,The Industrial Underworld,the-industrial-underworld,GitHub,campaign-ideas/Horror/the-industrial-underworld,Horror,Active/genre,,12,15,Medium,Original/clear,Unreviewed,56,Manual editorial review,Medium
ir-the-infinite-horizon,The Infinite Horizon,the-infinite-horizon,GitHub,campaign-ideas/Horror/the-infinite-horizon,Horror,Active/genre,,12,15,Medium,Original/clear,Unreviewed,56,Manual editorial review,Medium
ir-the-infinite-loop,The Infinite Loop,the-infinite-loop,GitHub,campaign-ideas/Mystery/the-infinite-loop,Mystery,Active/genre,,,,Unknown,Original/clear,Unreviewed,50,Manual editorial review,Medium
ir-the-infinite-repetition,The Infinite Repetition,the-infinite-repetition,GitHub,campaign-ideas/Horror/the-infinite-repetition,Horror,Active/genre,,10,14,Medium,Original/clear,Unreviewed,57,Manual editorial review,Medium
ir-the-infinite-stacks,The Infinite Stacks,the-infinite-stacks,GitHub,campaign-ideas/Horror/the-infinite-stacks,Horror,Active/genre,,30,30,Long,Original/clear,Unreviewed,65,Manual editorial review,Medium
ir-the-infinity-stones,The Infinity Stones,the-infinity-stones,GitHub,campaign-ideas/Horror/the-infinity-stones,Horror,Active/genre,,,,Unknown,Original/clear,Unreviewed,56,Manual editorial review,Medium
ir-the-ink-revolution,The Ink Revolution,the-ink-revolution,GitHub,campaign-ideas/Sci-Fi/the-ink-revolution,Sci-Fi,Active/genre,,8,8,Short,Original/clear,Unreviewed,58,Manual editorial review,Medium
ir-the-inquisitors-flame,The Inquisitors Flame,the-inquisitors-flame,GitHub,campaign-ideas/Horror/the-inquisitors-flame,Horror,Active/genre,,8,10,Short,Original/clear,Unreviewed,56,Manual editorial review,Medium
ir-the-instrumentality-project,The Instrumentality Project,the-instrumentality-project,GitHub,campaign-ideas/Horror/the-instrumentality-project,Horror,Active/genre,,32,32,Long,Original/clear,Unreviewed,50,Manual editorial review,Medium
ir-the-internet-is-alive,The Internet Is Alive,the-internet-is-alive,GitHub,campaign-ideas/Horror/the-internet-is-alive,Horror,Active/genre,,20,28,Long,Original/clear,Unreviewed,53,Manual editorial review,Medium
ir-the-invasion-within,The Invasion Within,the-invasion-within,GitHub,campaign-ideas/Horror/the-invasion-within,Horror,Active/genre,,11,14,Medium,Original/clear,Unreviewed,53,Manual editorial review,Medium
ir-the-inversionist-heist,The Inversionist Heist,the-inversionist-heist,GitHub,campaign-ideas/Sci-Fi/the-inversionist-heist,Sci-Fi,Active/genre,,,,Unknown,Original/clear,Unreviewed,53,Manual editorial review,Medium
ir-the-iron-fist-path,The Iron Fist Path,the-iron-fist-path,GitHub,campaign-ideas/Sci-Fi/the-iron-fist-path,Sci-Fi,Active/genre,,20,30,Long,Original/clear,Unreviewed,56,Manual editorial review,Medium
ir-the-iron-prayer,The Iron Prayer,the-iron-prayer,GitHub,campaign-ideas/Horror/the-iron-prayer,Horror,Active/genre,,7,8,Short,Original/clear,Unreviewed,65,Manual editorial review,Medium
ir-the-iron-throne-war,The Iron Throne War,the-iron-throne-war,GitHub,campaign-ideas/Sci-Fi/the-iron-throne-war,Sci-Fi,Active/genre,,12,15,Medium,Original/clear,Unreviewed,56,Manual editorial review,Medium
ir-the-justice-tyrant,The Justice Tyrant,the-justice-tyrant,GitHub,campaign-ideas/Mystery/the-justice-tyrant,Mystery,Active/genre,,,,Unknown,Original/clear,Unreviewed,53,Manual editorial review,Medium
ir-the-kingsgame-gambit,The Kingsgame Gambit,the-kingsgame-gambit,GitHub,campaign-ideas/Sci-Fi/the-kingsgame-gambit,Sci-Fi,Active/genre,,12,15,Medium,Original/clear,Unreviewed,63,Manual editorial review,Medium
ir-the-labyrinth-of-self,The Labyrinth Of Self,the-labyrinth-of-self,GitHub,campaign-ideas/Horror/the-labyrinth-of-self,Horror,Active/genre,,24,24,Long,Original/clear,Unreviewed,52,Manual editorial review,Medium
ir-the-labyrinth-of-slumber,The Labyrinth Of Slumber,the-labyrinth-of-slumber,GitHub,campaign-ideas/Horror/the-labyrinth-of-slumber,Horror,Active/genre,,10,12,Medium,Original/clear,Unreviewed,56,Manual editorial review,Medium
ir-the-last-bloodline,The Last Bloodline,the-last-bloodline,GitHub,campaign-ideas/Sci-Fi/the-last-bloodline,Sci-Fi,Active/genre,,12,15,Medium,Original/clear,Unreviewed,56,Manual editorial review,Medium
ir-the-last-caravan,The Last Caravan,the-last-caravan,GitHub,campaign-ideas/Completed/Post-Apocalyptic/the-last-caravan,Post-Apocalyptic,Completed,,20,25,Long,Original/clear,Unreviewed,73,Manual editorial review,Medium
ir-the-last-druid,The Last Druid,the-last-druid,GitHub,campaign-ideas/Horror/the-last-druid,Horror,Active/genre,,15,20,Medium,Needs transformation,Unreviewed,46,Manual editorial review,Medium
ir-the-last-elemental,The Last Elemental,the-last-elemental,GitHub,campaign-ideas/Horror/the-last-elemental,Horror,Active/genre,,30,40,Long,Original/clear,Unreviewed,56,Manual editorial review,Medium
ir-the-last-exodus,The Last Exodus,the-last-exodus,GitHub,campaign-ideas/Horror/the-last-exodus,Horror,Active/genre,,32,32,Long,Original/clear,Unreviewed,53,Manual editorial review,Medium
ir-the-last-pharaoh,The Last Pharaoh,the-last-pharaoh,GitHub,campaign-ideas/Horror/the-last-pharaoh,Horror,Active/genre,,,,Unknown,Original/clear,Unreviewed,61,Manual editorial review,Medium
ir-the-last-score,The Last Score,the-last-score,GitHub,campaign-ideas/Mystery/the-last-score,Mystery,Active/genre,,8,10,Short,Original/clear,Unreviewed,50,Manual editorial review,Medium
ir-the-last-spice-war,The Last Spice War,the-last-spice-war,GitHub,campaign-ideas/Sci-Fi/the-last-spice-war,Sci-Fi,Active/genre,,28,28,Long,Original/clear,Unreviewed,68,Manual editorial review,Medium
ir-the-laughing-dragon-inn,The Laughing Dragon Inn,the-laughing-dragon-inn,GitHub,campaign-ideas/Sci-Fi/the-laughing-dragon-inn,Sci-Fi,Active/genre,,6,8,Short,Original/clear,Unreviewed,59,Manual editorial review,Medium
ir-the-leviathan-hunt,The Leviathan Hunt,the-leviathan-hunt,GitHub,campaign-ideas/Horror/the-leviathan-hunt,Horror,Active/genre,,24,24,Long,Original/clear,Unreviewed,53,Manual editorial review,Medium
ir-the-lightning-runner,The Lightning Runner,the-lightning-runner,GitHub,campaign-ideas/Completed/Adventure/the-lightning-runner,Adventure,Completed,,15,20,Medium,Original/clear,Unreviewed,70,Manual editorial review,Medium
ir-the-living-bookmark,The Living Bookmark,the-living-bookmark,GitHub,campaign-ideas/Horror/the-living-bookmark,Horror,Active/genre,,26,26,Long,Original/clear,Unreviewed,50,Manual editorial review,Medium
ir-the-living-lights,The Living Lights,the-living-lights,GitHub,campaign-ideas/Sci-Fi/the-living-lights,Sci-Fi,Active/genre,,30,30,Long,Original/clear,Unreviewed,69,Manual editorial review,Medium
ir-the-living-mountains,The Living Mountains,the-living-mountains,GitHub,campaign-ideas/Horror/the-living-mountains,Horror,Active/genre,,25,35,Long,Original/clear,Unreviewed,60,Manual editorial review,Medium
ir-the-long-look,The Long Look,the-long-look,GitHub,campaign-ideas/Horror/the-long-look,Horror,Active/genre,,,,Unknown,Original/clear,Unreviewed,44,Manual editorial review,Medium
ir-the-love-war-of-silvermoor-academy,The Love War Of Silvermoor Academy,the-love-war-of-silvermoor-academy,GitHub,campaign-ideas/Historical/the-love-war-of-silvermoor-academy,Historical,Active/genre,,12,15,Medium,Original/clear,Unreviewed,63,Manual editorial review,Medium
ir-the-lovers-crucible,The Lovers Crucible,the-lovers-crucible,GitHub,campaign-ideas/Post-Apocalyptic/the-lovers-crucible,Post-Apocalyptic,Active/genre,,34,34,Long,Original/clear,Unreviewed,57,Manual editorial review,Medium
ir-the-lucid-labyrinth,The Lucid Labyrinth,the-lucid-labyrinth,GitHub,campaign-ideas/Horror/the-lucid-labyrinth,Horror,Active/genre,,30,30,Long,Original/clear,Unreviewed,62,Manual editorial review,Medium
ir-the-macedonian-conquest,The Macedonian Conquest,the-macedonian-conquest,GitHub,campaign-ideas/Sci-Fi/the-macedonian-conquest,Sci-Fi,Active/genre,,60,60,Epic,Needs transformation,Unreviewed,58,Manual editorial review,Medium
ir-the-magitek-rebellion,The Magitek Rebellion,the-magitek-rebellion,GitHub,campaign-ideas/Horror/the-magitek-rebellion,Horror,Active/genre,,25,30,Long,Original/clear,Unreviewed,68,Manual editorial review,Medium
ir-the-maid-of-orleans,The Maid Of Orleans,the-maid-of-orleans,GitHub,campaign-ideas/Historical/the-maid-of-orleans,Historical,Active/genre,,,,Unknown,Needs transformation,Unreviewed,52,Manual editorial review,Medium
ir-the-marked-assassin,The Marked Assassin,the-marked-assassin,GitHub,campaign-ideas/Horror/the-marked-assassin,Horror,Active/genre,,12,18,Medium,Original/clear,Unreviewed,59,Manual editorial review,Medium
ir-the-mathematical-prison,The Mathematical Prison,the-mathematical-prison,GitHub,campaign-ideas/Horror/the-mathematical-prison,Horror,Active/genre,,15,20,Medium,Original/clear,Unreviewed,56,Manual editorial review,Medium
ir-the-mead-halls-last-stand,The Mead Halls Last Stand,the-mead-halls-last-stand,GitHub,campaign-ideas/Horror/the-mead-halls-last-stand,Horror,Active/genre,,20,20,Medium,Original/clear,Unreviewed,53,Manual editorial review,Medium
ir-the-melody-of-fading-light,The Melody Of Fading Light,the-melody-of-fading-light,GitHub,campaign-ideas/Sci-Fi/the-melody-of-fading-light,Sci-Fi,Active/genre,,10,12,Medium,Original/clear,Unreviewed,63,Manual editorial review,Medium
ir-the-memory-keepers,The Memory Keepers,the-memory-keepers,GitHub,campaign-ideas/Sci-Fi/the-memory-keepers,Sci-Fi,Active/genre,,8,12,Medium,Original/clear,Unreviewed,50,Manual editorial review,Medium
ir-the-memory-market-of-veridia,The Memory Market Of Veridia,the-memory-market-of-veridia,GitHub,campaign-ideas/Sci-Fi/the-memory-market-of-veridia,Sci-Fi,Active/genre,,10,12,Medium,Original/clear,Unreviewed,63,Manual editorial review,Medium
ir-the-memory-mines,The Memory Mines,the-memory-mines,GitHub,campaign-ideas/Sci-Fi/the-memory-mines,Sci-Fi,Active/genre,,10,12,Medium,Original/clear,Unreviewed,56,Manual editorial review,Medium
ir-the-merchant-and-the-harvest-deity,The Merchant And The Harvest Deity,the-merchant-and-the-harvest-deity,GitHub,campaign-ideas/Sci-Fi/the-merchant-and-the-harvest-deity,Sci-Fi,Active/genre,,12,15,Medium,Original/clear,Unreviewed,56,Manual editorial review,Medium
ir-the-metal-dawn,The Metal Dawn,the-metal-dawn,GitHub,campaign-ideas/Sci-Fi/the-metal-dawn,Sci-Fi,Active/genre,,20,25,Long,Original/clear,Unreviewed,56,Manual editorial review,Medium
ir-the-midnight-masquerade,The Midnight Masquerade,the-midnight-masquerade,GitHub,campaign-ideas/Horror/the-midnight-masquerade,Horror,Active/genre,,12,16,Medium,Original/clear,Unreviewed,56,Manual editorial review,Medium
ir-the-mirror-world,The Mirror World,the-mirror-world,GitHub,campaign-ideas/Sci-Fi/the-mirror-world,Sci-Fi,Active/genre,,30,30,Long,Original/clear,Unreviewed,60,Manual editorial review,Medium
ir-the-mirrors-edge,The Mirrors Edge,the-mirrors-edge,GitHub,campaign-ideas/Sci-Fi/the-mirrors-edge,Sci-Fi,Active/genre,,26,26,Long,Original/clear,Unreviewed,50,Manual editorial review,Medium
ir-the-monoliths-call,The Monoliths Call,the-monoliths-call,GitHub,campaign-ideas/Horror/the-monoliths-call,Horror,Active/genre,,30,30,Long,Original/clear,Unreviewed,53,Manual editorial review,Medium
ir-the-moons-madness,The Moons Madness,the-moons-madness,GitHub,campaign-ideas/Horror/the-moons-madness,Horror,Active/genre,,30,30,Long,Original/clear,Unreviewed,57,Manual editorial review,Medium
ir-the-mothman-prophecies,The Mothman Prophecies,the-mothman-prophecies,GitHub,campaign-ideas/Horror/the-mothman-prophecies,Horror,Active/genre,,,,Unknown,Original/clear,Unreviewed,53,Manual editorial review,Medium
ir-the-mourning-bells,The Mourning Bells,the-mourning-bells,GitHub,campaign-ideas/Horror/the-mourning-bells,Horror,Active/genre,,7,9,Short,Original/clear,Unreviewed,56,Manual editorial review,Medium
ir-the-mourning-fields-of-kyshtym,The Mourning Fields Of Kyshtym,the-mourning-fields-of-kyshtym,GitHub,campaign-ideas/Horror/the-mourning-fields-of-kyshtym,Horror,Active/genre,,,,Unknown,Original/clear,Unreviewed,47,Manual editorial review,Medium
ir-the-name-of-power,The Name Of Power,the-name-of-power,GitHub,campaign-ideas/Horror/the-name-of-power,Horror,Active/genre,,12,16,Medium,Needs transformation,Unreviewed,40,Manual editorial review,Medium
ir-the-name-we-cannot-speak,The Name We Cannot Speak,the-name-we-cannot-speak,GitHub,campaign-ideas/Sci-Fi/the-name-we-cannot-speak,Sci-Fi,Active/genre,,,,Unknown,Original/clear,Unreviewed,47,Manual editorial review,Medium
ir-the-never-ending-morning,The Never Ending Morning,the-never-ending-morning,GitHub,campaign-ideas/Horror/the-never-ending-morning,Horror,Active/genre,,22,22,Long,Original/clear,Unreviewed,57,Manual editorial review,Medium
ir-the-nightingale-company,The Nightingale Company,the-nightingale-company,GitHub,campaign-ideas/Horror/the-nightingale-company,Horror,Active/genre,,,,Unknown,Original/clear,Unreviewed,38,Manual editorial review,Medium
ir-the-nine-courts-of-diyu,The Nine Courts Of Diyu,the-nine-courts-of-diyu,GitHub,campaign-ideas/Horror/the-nine-courts-of-diyu,Horror,Active/genre,,18,24,Long,Original/clear,Unreviewed,58,Manual editorial review,Medium
ir-the-nine-nine-precinct,The Nine Nine Precinct,the-nine-nine-precinct,GitHub,campaign-ideas/Mystery/the-nine-nine-precinct,Mystery,Active/genre,,30,40,Long,Original/clear,Unreviewed,56,Manual editorial review,Medium
ir-the-nine-trials-of-mictlan,The Nine Trials Of Mictlan,the-nine-trials-of-mictlan,GitHub,campaign-ideas/Horror/the-nine-trials-of-mictlan,Horror,Active/genre,,15,20,Medium,Original/clear,Unreviewed,53,Manual editorial review,Medium
ir-the-northern-fury,The Northern Fury,the-northern-fury,GitHub,campaign-ideas/Post-Apocalyptic/the-northern-fury,Post-Apocalyptic,Active/genre,,14,16,Medium,Original/clear,Unreviewed,58,Manual editorial review,Medium
ir-the-nothing-rises,The Nothing Rises,the-nothing-rises,GitHub,campaign-ideas/Horror/the-nothing-rises,Horror,Active/genre,,10,14,Medium,Original/clear,Unreviewed,56,Manual editorial review,Medium
ir-the-nucleus-kingdoms,The Nucleus Kingdoms,the-nucleus-kingdoms,GitHub,campaign-ideas/Post-Apocalyptic/the-nucleus-kingdoms,Post-Apocalyptic,Active/genre,,30,30,Long,Original/clear,Unreviewed,55,Manual editorial review,Medium
ir-the-old-world-endures,The Old World Endures,the-old-world-endures,GitHub,campaign-ideas/Horror/the-old-world-endures,Horror,Active/genre,,30,40,Long,Original/clear,Unreviewed,59,Manual editorial review,Medium
ir-the-oneironauts-network,The Oneironauts Network,the-oneironauts-network,GitHub,campaign-ideas/Sci-Fi/the-oneironauts-network,Sci-Fi,Active/genre,,30,30,Long,Original/clear,Unreviewed,57,Manual editorial review,Medium
ir-the-oracle-fugitives,The Oracle Fugitives,the-oracle-fugitives,GitHub,campaign-ideas/Sci-Fi/the-oracle-fugitives,Sci-Fi,Active/genre,,10,12,Medium,Original/clear,Unreviewed,53,Manual editorial review,Medium
ir-the-organic-expanse,The Organic Expanse,the-organic-expanse,GitHub,campaign-ideas/Sci-Fi/the-organic-expanse,Sci-Fi,Active/genre,,10,14,Medium,Original/clear,Unreviewed,56,Manual editorial review,Medium
ir-the-over-prepared-champion,The Over Prepared Champion,the-over-prepared-champion,GitHub,campaign-ideas/Sci-Fi/the-over-prepared-champion,Sci-Fi,Active/genre,,6,8,Short,Original/clear,Unreviewed,61,Manual editorial review,Medium
ir-the-overlook-sanatorium,The Overlook Sanatorium,the-overlook-sanatorium,GitHub,campaign-ideas/Horror/the-overlook-sanatorium,Horror,Active/genre,,2,2,Micro/one-shot,Original/clear,Unreviewed,58,Manual editorial review,Medium
ir-the-pale-city-detective,The Pale City Detective,the-pale-city-detective,GitHub,campaign-ideas/Mystery/the-pale-city-detective,Mystery,Active/genre,,12,18,Medium,Original/clear,Unreviewed,56,Manual editorial review,Medium
ir-the-pale-leviathan,The Pale Leviathan,the-pale-leviathan,GitHub,campaign-ideas/Horror/the-pale-leviathan,Horror,Active/genre,,10,14,Medium,Original/clear,Unreviewed,58,Manual editorial review,Medium
ir-the-pale-watcher,The Pale Watcher,the-pale-watcher,GitHub,campaign-ideas/Horror/the-pale-watcher,Horror,Active/genre,,6,10,Short,Original/clear,Unreviewed,56,Manual editorial review,Medium
ir-the-paleblood-hunt,The Paleblood Hunt,the-paleblood-hunt,GitHub,campaign-ideas/Horror/the-paleblood-hunt,Horror,Active/genre,,15,20,Medium,Original/clear,Unreviewed,56,Manual editorial review,Medium
ir-the-path-of-monsters,The Path Of Monsters,the-path-of-monsters,GitHub,campaign-ideas/Horror/the-path-of-monsters,Horror,Active/genre,,20,30,Long,Needs transformation,Unreviewed,49,Manual editorial review,Medium
ir-the-peoples-mask,The Peoples Mask,the-peoples-mask,GitHub,campaign-ideas/Horror/the-peoples-mask,Horror,Active/genre,,10,14,Medium,Original/clear,Unreviewed,63,Manual editorial review,Medium
ir-the-perfect-crime,The Perfect Crime,the-perfect-crime,GitHub,campaign-ideas/Mystery/the-perfect-crime,Mystery,Active/genre,,7,9,Short,Original/clear,Unreviewed,56,Manual editorial review,Medium
ir-the-perfect-killer,The Perfect Killer,the-perfect-killer,GitHub,campaign-ideas/Horror/the-perfect-killer,Horror,Active/genre,,10,12,Medium,Original/clear,Unreviewed,58,Manual editorial review,Medium
ir-the-phantom-gauntlet,The Phantom Gauntlet,the-phantom-gauntlet,GitHub,campaign-ideas/Horror/the-phantom-gauntlet,Horror,Active/genre,,25,35,Long,Original/clear,Unreviewed,53,Manual editorial review,Medium
ir-the-phantoms-game,The Phantoms Game,the-phantoms-game,GitHub,campaign-ideas/Sci-Fi/the-phantoms-game,Sci-Fi,Active/genre,,15,20,Medium,Original/clear,Unreviewed,56,Manual editorial review,Medium
ir-the-planar-convergence,The Planar Convergence,the-planar-convergence,GitHub,campaign-ideas/Horror/the-planar-convergence,Horror,Active/genre,,11,13,Medium,Original/clear,Unreviewed,59,Manual editorial review,Medium
ir-the-planar-gathering,The Planar Gathering,the-planar-gathering,GitHub,campaign-ideas/Horror/the-planar-gathering,Horror,Active/genre,,40,40,Epic,Original/clear,Unreviewed,53,Manual editorial review,Medium
ir-the-plastic-war,The Plastic War,the-plastic-war,GitHub,campaign-ideas/Horror/the-plastic-war,Horror,Active/genre,,25,25,Long,Original/clear,Unreviewed,65,Manual editorial review,Medium
ir-the-platinum-fork-trials,The Platinum Fork Trials,the-platinum-fork-trials,GitHub,campaign-ideas/Horror/the-platinum-fork-trials,Horror,Active/genre,,25,25,Long,Original/clear,Unreviewed,60,Manual editorial review,Medium
ir-the-poison-crown,The Poison Crown,the-poison-crown,GitHub,campaign-ideas/Horror/the-poison-crown,Horror,Active/genre,,12,16,Medium,Original/clear,Unreviewed,50,Manual editorial review,Medium
ir-the-porcelain-court,The Porcelain Court,the-porcelain-court,GitHub,campaign-ideas/Completed/Horror/the-porcelain-court,Horror,Completed,,30,30,Long,Original/clear,Unreviewed,84,Manual editorial review,Medium
ir-the-pressure-rift,The Pressure Rift,the-pressure-rift,GitHub,campaign-ideas/Horror/the-pressure-rift,Horror,Active/genre,,20,20,Medium,Original/clear,Unreviewed,50,Manual editorial review,Medium
ir-the-price-of-steel,The Price Of Steel,the-price-of-steel,GitHub,campaign-ideas/Post-Apocalyptic/the-price-of-steel,Post-Apocalyptic,Active/genre,,,,Unknown,Original/clear,Unreviewed,58,Manual editorial review,Medium
ir-the-profilers-descent,The Profilers Descent,the-profilers-descent,GitHub,campaign-ideas/Horror/the-profilers-descent,Horror,Active/genre,,12,15,Medium,Original/clear,Unreviewed,58,Manual editorial review,Medium
ir-the-prophecy-of-three,The Prophecy Of Three,the-prophecy-of-three,GitHub,campaign-ideas/Horror/the-prophecy-of-three,Horror,Active/genre,,30,40,Long,Original/clear,Unreviewed,59,Manual editorial review,Medium
ir-the-prophesied-child,The Prophesied Child,the-prophesied-child,GitHub,campaign-ideas/Completed/Fantasy/the-prophesied-child,Fantasy,Completed,,12,16,Medium,Original/clear,Unreviewed,70,Manual editorial review,Medium
ir-the-psionic-cataclysm,The Psionic Cataclysm,the-psionic-cataclysm,GitHub,campaign-ideas/Sci-Fi/the-psionic-cataclysm,Sci-Fi,Active/genre,,10,12,Medium,Original/clear,Unreviewed,56,Manual editorial review,Medium
ir-the-quantum-expedition,The Quantum Expedition,the-quantum-expedition,GitHub,campaign-ideas/Sci-Fi/the-quantum-expedition,Sci-Fi,Active/genre,,10,10,Medium,Original/clear,Unreviewed,57,Manual editorial review,Medium
ir-the-quantum-heist,The Quantum Heist,the-quantum-heist,GitHub,campaign-ideas/Sci-Fi/the-quantum-heist,Sci-Fi,Active/genre,,6,8,Short,Original/clear,Unreviewed,56,Manual editorial review,Medium
ir-the-quicksilver-verses,The Quicksilver Verses,the-quicksilver-verses,GitHub,campaign-ideas/Historical/the-quicksilver-verses,Historical,Active/genre,,15,20,Medium,Original/clear,Unreviewed,56,Manual editorial review,Medium
ir-the-quiet-end,The Quiet End,the-quiet-end,GitHub,campaign-ideas/Horror/the-quiet-end,Horror,Active/genre,,10,12,Medium,Original/clear,Unreviewed,50,Manual editorial review,Medium
ir-the-raid-ascent,The Raid Ascent,the-raid-ascent,GitHub,campaign-ideas/Post-Apocalyptic/the-raid-ascent,Post-Apocalyptic,Active/genre,,8,10,Short,Original/clear,Unreviewed,58,Manual editorial review,Medium
ir-the-rainbow-veil,The Rainbow Veil,the-rainbow-veil,GitHub,campaign-ideas/Sci-Fi/the-rainbow-veil,Sci-Fi,Active/genre,,28,28,Long,Original/clear,Unreviewed,60,Manual editorial review,Medium
ir-the-readers-curse,The Readers Curse,the-readers-curse,GitHub,campaign-ideas/Horror/the-readers-curse,Horror,Active/genre,,30,30,Long,Original/clear,Unreviewed,59,Manual editorial review,Medium
ir-the-recipe-codex,The Recipe Codex,the-recipe-codex,GitHub,campaign-ideas/Horror/the-recipe-codex,Horror,Active/genre,,30,30,Long,Original/clear,Unreviewed,63,Manual editorial review,Medium
ir-the-red-death-rising,The Red Death Rising,the-red-death-rising,GitHub,campaign-ideas/Horror/the-red-death-rising,Horror,Active/genre,,24,32,Long,Original/clear,Unreviewed,50,Manual editorial review,Medium
ir-the-redline-grand-prix,The Redline Grand Prix,the-redline-grand-prix,GitHub,campaign-ideas/Horror/the-redline-grand-prix,Horror,Active/genre,,12,18,Medium,Original/clear,Unreviewed,56,Manual editorial review,Medium
ir-the-reef-mind,The Reef Mind,the-reef-mind,GitHub,campaign-ideas/Post-Apocalyptic/the-reef-mind,Post-Apocalyptic,Active/genre,,40,40,Epic,Original/clear,Unreviewed,65,Manual editorial review,Medium
ir-the-refracted-realm,The Refracted Realm,the-refracted-realm,GitHub,campaign-ideas/Sci-Fi/the-refracted-realm,Sci-Fi,Active/genre,,12,16,Medium,Original/clear,Unreviewed,65,Manual editorial review,Medium
ir-the-replicant-inquisition,The Replicant Inquisition,the-replicant-inquisition,GitHub,campaign-ideas/Sci-Fi/the-replicant-inquisition,Sci-Fi,Active/genre,,10,12,Medium,Original/clear,Unreviewed,58,Manual editorial review,Medium
ir-the-revolutionaries-anthem,The Revolutionaries Anthem,the-revolutionaries-anthem,GitHub,campaign-ideas/Completed/Intrigue/the-revolutionaries-anthem,Intrigue,Completed,,12,15,Medium,Original/clear,Unreviewed,80,Manual editorial review,Medium
ir-the-river-beast,The River Beast,the-river-beast,GitHub,campaign-ideas/Horror/the-river-beast,Horror,Active/genre,,4,6,Short,Original/clear,Unreviewed,56,Manual editorial review,Medium
ir-the-rivers-of-hades,The Rivers Of Hades,the-rivers-of-hades,GitHub,campaign-ideas/Horror/the-rivers-of-hades,Horror,Active/genre,,22,28,Long,Original/clear,Unreviewed,56,Manual editorial review,Medium
ir-the-road-to-heavens-gate,The Road To Heavens Gate,the-road-to-heavens-gate,GitHub,campaign-ideas/Horror/the-road-to-heavens-gate,Horror,Active/genre,,15,18,Medium,Original/clear,Unreviewed,56,Manual editorial review,Medium
ir-the-ruins-of-determination,The Ruins Of Determination,the-ruins-of-determination,GitHub,campaign-ideas/Sci-Fi/the-ruins-of-determination,Sci-Fi,Active/genre,,10,10,Medium,Original/clear,Unreviewed,56,Manual editorial review,Medium
ir-the-sand-swallowed-legion,The Sand Swallowed Legion,the-sand-swallowed-legion,GitHub,campaign-ideas/Horror/the-sand-swallowed-legion,Horror,Active/genre,,,,Unknown,Original/clear,Unreviewed,41,Manual editorial review,Medium
ir-the-sapphire-court,The Sapphire Court,the-sapphire-court,GitHub,campaign-ideas/Sci-Fi/the-sapphire-court,Sci-Fi,Active/genre,,8,10,Short,Original/clear,Unreviewed,59,Manual editorial review,Medium
ir-the-scales-of-maat,The Scales Of Maat,the-scales-of-maat,GitHub,campaign-ideas/Mystery/the-scales-of-maat,Mystery,Active/genre,,20,25,Long,Original/clear,Unreviewed,58,Manual editorial review,Medium
ir-the-scarlet-wolf-hunt,The Scarlet Wolf Hunt,the-scarlet-wolf-hunt,GitHub,campaign-ideas/Horror/the-scarlet-wolf-hunt,Horror,Active/genre,,12,16,Medium,Original/clear,Unreviewed,56,Manual editorial review,Medium
ir-the-scourge-rises,The Scourge Rises,the-scourge-rises,GitHub,campaign-ideas/Horror/the-scourge-rises,Horror,Active/genre,,30,40,Long,Original/clear,Unreviewed,56,Manual editorial review,Medium
ir-the-scribe-of-seawind-isle,The Scribe Of Seawind Isle,the-scribe-of-seawind-isle,GitHub,campaign-ideas/Sci-Fi/the-scribe-of-seawind-isle,Sci-Fi,Active/genre,,10,12,Medium,Original/clear,Unreviewed,57,Manual editorial review,Medium
ir-the-seekers-trial,The Seekers Trial,the-seekers-trial,GitHub,campaign-ideas/Completed/Intrigue/the-seekers-trial,Intrigue,Completed,,20,25,Long,Original/clear,Unreviewed,70,Manual editorial review,Medium
ir-the-serene-republic-of-masks,The Serene Republic Of Masks,the-serene-republic-of-masks,GitHub,campaign-ideas/Mystery/the-serene-republic-of-masks,Mystery,Active/genre,,10,12,Medium,Original/clear,Unreviewed,50,Manual editorial review,Medium
ir-the-serpent-who-eats-the-sun,The Serpent Who Eats The Sun,the-serpent-who-eats-the-sun,GitHub,campaign-ideas/Horror/the-serpent-who-eats-the-sun,Horror,Active/genre,,8,10,Short,Needs transformation,Unreviewed,46,Manual editorial review,Medium
ir-the-service-guild-of-genuine-hearts,The Service Guild Of Genuine Hearts,the-service-guild-of-genuine-hearts,GitHub,campaign-ideas/Sci-Fi/the-service-guild-of-genuine-hearts,Sci-Fi,Active/genre,,12,15,Medium,Original/clear,Unreviewed,56,Manual editorial review,Medium
ir-the-seven-and-the-damned,The Seven And The Damned,the-seven-and-the-damned,GitHub,campaign-ideas/Horror/the-seven-and-the-damned,Horror,Active/genre,,12,15,Medium,Needs transformation,Unreviewed,46,Manual editorial review,Medium
ir-the-sevenfold-path,The Sevenfold Path,the-sevenfold-path,GitHub,campaign-ideas/Horror/the-sevenfold-path,Horror,Active/genre,,30,30,Long,Original/clear,Unreviewed,55,Manual editorial review,Medium
ir-the-shadow-architect,The Shadow Architect,the-shadow-architect,GitHub,campaign-ideas/Mystery/the-shadow-architect,Mystery,Active/genre,,7,7,Short,Original/clear,Unreviewed,61,Manual editorial review,Medium
ir-the-shattered-perspectives,The Shattered Perspectives,the-shattered-perspectives,GitHub,campaign-ideas/Horror/the-shattered-perspectives,Horror,Active/genre,,14,18,Medium,Original/clear,Unreviewed,60,Manual editorial review,Medium
ir-the-shattered-sky,The Shattered Sky,the-shattered-sky,GitHub,campaign-ideas/Horror/the-shattered-sky,Horror,Active/genre,,26,34,Long,Original/clear,Unreviewed,53,Manual editorial review,Medium
ir-the-shimmer-zone,The Shimmer Zone,the-shimmer-zone,GitHub,campaign-ideas/Horror/the-shimmer-zone,Horror,Active/genre,,6,10,Short,Original/clear,Unreviewed,56,Manual editorial review,Medium
ir-the-shrinking-realm,The Shrinking Realm,the-shrinking-realm,GitHub,campaign-ideas/Horror/the-shrinking-realm,Horror,Active/genre,,20,30,Long,Original/clear,Unreviewed,58,Manual editorial review,Medium
ir-the-silence-hunts,The Silence Hunts,the-silence-hunts,GitHub,campaign-ideas/Horror/the-silence-hunts,Horror,Active/genre,,4,6,Short,Original/clear,Unreviewed,56,Manual editorial review,Medium
ir-the-silent-drifter,The Silent Drifter,the-silent-drifter,GitHub,campaign-ideas/Sci-Fi/the-silent-drifter,Sci-Fi,Active/genre,,12,16,Medium,Original/clear,Unreviewed,56,Manual editorial review,Medium
ir-the-silk-and-shadow-road,The Silk And Shadow Road,the-silk-and-shadow-road,GitHub,campaign-ideas/Completed/Historical/the-silk-and-shadow-road,Historical,Completed,,,,Unknown,Original/clear,Unreviewed,47,Add/identify primary campaign document,Low
ir-the-silverhand-heist,The Silverhand Heist,the-silverhand-heist,GitHub,campaign-ideas/Sci-Fi/the-silverhand-heist,Sci-Fi,Active/genre,,7,9,Short,Original/clear,Unreviewed,59,Manual editorial review,Medium
ir-the-sky-thiefs-gambit,The Sky Thiefs Gambit,the-sky-thiefs-gambit,GitHub,campaign-ideas/Horror/the-sky-thiefs-gambit,Horror,Active/genre,,12,16,Medium,Original/clear,Unreviewed,59,Manual editorial review,Medium
ir-the-slime-sovereign,The Slime Sovereign,the-slime-sovereign,GitHub,campaign-ideas/Sci-Fi/the-slime-sovereign,Sci-Fi,Active/genre,,6,8,Short,Original/clear,Unreviewed,63,Manual editorial review,Medium
ir-the-soil-microbiome-wars,The Soil Microbiome Wars,the-soil-microbiome-wars,GitHub,campaign-ideas/Sci-Fi/the-soil-microbiome-wars,Sci-Fi,Active/genre,,20,20,Medium,Original/clear,Unreviewed,50,Manual editorial review,Medium
ir-the-song-of-redemption,The Song Of Redemption,the-song-of-redemption,GitHub,campaign-ideas/Sci-Fi/the-song-of-redemption,Sci-Fi,Active/genre,,10,12,Medium,Original/clear,Unreviewed,58,Manual editorial review,Medium
ir-the-spice-must-flow,The Spice Must Flow,the-spice-must-flow,GitHub,campaign-ideas/Sci-Fi/the-spice-must-flow,Sci-Fi,Active/genre,,12,15,Medium,Original/clear,Unreviewed,61,Manual editorial review,Medium
ir-the-spice-wars,The Spice Wars,the-spice-wars,GitHub,campaign-ideas/Sci-Fi/the-spice-wars,Sci-Fi,Active/genre,,35,35,Long,Original/clear,Unreviewed,53,Manual editorial review,Medium
ir-the-spire-ascendant,The Spire Ascendant,the-spire-ascendant,GitHub,campaign-ideas/Completed/Adventure/the-spire-ascendant,Adventure,Completed,,15,20,Medium,Original/clear,Unreviewed,73,Manual editorial review,Medium
ir-the-standard-bearer,The Standard Bearer,the-standard-bearer,GitHub,campaign-ideas/Sci-Fi/the-standard-bearer,Sci-Fi,Active/genre,,20,25,Long,Needs transformation,Unreviewed,53,Manual editorial review,Medium
ir-the-star-fallen-wound,The Star Fallen Wound,the-star-fallen-wound,GitHub,campaign-ideas/Horror/the-star-fallen-wound,Horror,Active/genre,,,,Unknown,Original/clear,Unreviewed,41,Manual editorial review,Medium
ir-the-starfall-outcasts,The Starfall Outcasts,the-starfall-outcasts,GitHub,campaign-ideas/Horror/the-starfall-outcasts,Horror,Active/genre,,10,12,Medium,Original/clear,Unreviewed,59,Manual editorial review,Medium
ir-the-starfall-rebellion,The Starfall Rebellion,the-starfall-rebellion,GitHub,campaign-ideas/Sci-Fi/the-starfall-rebellion,Sci-Fi,Active/genre,,15,18,Medium,Original/clear,Unreviewed,61,Manual editorial review,Medium
ir-the-stars-are-right,The Stars Are Right,the-stars-are-right,GitHub,campaign-ideas/Horror/the-stars-are-right,Horror,Active/genre,,10,12,Medium,Original/clear,Unreviewed,58,Manual editorial review,Medium
ir-the-storm-tithe,The Storm Tithe,the-storm-tithe,GitHub,campaign-ideas/Sci-Fi/the-storm-tithe,Sci-Fi,Active/genre,,,,Unknown,Original/clear,Unreviewed,50,Manual editorial review,Medium
ir-the-stuffing-within,The Stuffing Within,the-stuffing-within,GitHub,campaign-ideas/Horror/the-stuffing-within,Horror,Active/genre,,24,24,Long,Original/clear,Unreviewed,56,Manual editorial review,Medium
ir-the-sunken-crown,The Sunken Crown,the-sunken-crown,GitHub,campaign-ideas/Horror/the-sunken-crown,Horror,Active/genre,,18,18,Medium,Original/clear,Unreviewed,53,Manual editorial review,Medium
ir-the-sunken-kingdom-of-zancig,The Sunken Kingdom Of Zancig,the-sunken-kingdom-of-zancig,GitHub,campaign-ideas/Horror/the-sunken-kingdom-of-zancig,Horror,Active/genre,,,,Unknown,Original/clear,Unreviewed,44,Manual editorial review,Medium
ir-the-tall-mans-proxy,The Tall Mans Proxy,the-tall-mans-proxy,GitHub,campaign-ideas/Horror/the-tall-mans-proxy,Horror,Active/genre,,20,30,Long,Original/clear,Unreviewed,58,Manual editorial review,Medium
ir-the-tangent-universe,The Tangent Universe,the-tangent-universe,GitHub,campaign-ideas/Horror/the-tangent-universe,Horror,Active/genre,,15,20,Medium,Original/clear,Unreviewed,59,Manual editorial review,Medium
ir-the-tempests-gambit,The Tempests Gambit,the-tempests-gambit,GitHub,campaign-ideas/Horror/the-tempests-gambit,Horror,Active/genre,,,,Unknown,Original/clear,Unreviewed,44,Manual editorial review,Medium
ir-the-temporal-conspiracy,The Temporal Conspiracy,the-temporal-conspiracy,GitHub,campaign-ideas/Sci-Fi/the-temporal-conspiracy,Sci-Fi,Active/genre,,,,Unknown,Original/clear,Unreviewed,55,Manual editorial review,Medium
ir-the-temporal-paradox,The Temporal Paradox,the-temporal-paradox,GitHub,campaign-ideas/Sci-Fi/the-temporal-paradox,Sci-Fi,Active/genre,,8,10,Short,Original/clear,Unreviewed,59,Manual editorial review,Medium
ir-the-ten-pledges,The Ten Pledges,the-ten-pledges,GitHub,campaign-ideas/Sci-Fi/the-ten-pledges,Sci-Fi,Active/genre,,6,8,Short,Original/clear,Unreviewed,58,Manual editorial review,Medium
ir-the-ten-year-journey,The Ten Year Journey,the-ten-year-journey,GitHub,campaign-ideas/Sci-Fi/the-ten-year-journey,Sci-Fi,Active/genre,,30,30,Long,Original/clear,Unreviewed,55,Manual editorial review,Medium
ir-the-tenno-awakening,The Tenno Awakening,the-tenno-awakening,GitHub,campaign-ideas/Sci-Fi/the-tenno-awakening,Sci-Fi,Active/genre,,,,Unknown,Original/clear,Unreviewed,56,Manual editorial review,Medium
ir-the-thirteenth-sign,The Thirteenth Sign,the-thirteenth-sign,GitHub,campaign-ideas/Sci-Fi/the-thirteenth-sign,Sci-Fi,Active/genre,,16,16,Medium,Original/clear,Unreviewed,50,Manual editorial review,Medium
ir-the-three-banners-war,The Three Banners War,the-three-banners-war,GitHub,campaign-ideas/Horror/the-three-banners-war,Horror,Active/genre,,,,Unknown,Original/clear,Unreviewed,56,Manual editorial review,Medium
ir-the-three-hundred-shields,The Three Hundred Shields,the-three-hundred-shields,GitHub,campaign-ideas/Post-Apocalyptic/the-three-hundred-shields,Post-Apocalyptic,Active/genre,,20,20,Medium,Original/clear,Unreviewed,50,Manual editorial review,Medium
ir-the-timelords-companion,The Timelords Companion,the-timelords-companion,GitHub,campaign-ideas/Completed/Horror/the-timelords-companion,Horror,Completed,,12,15,Medium,Needs transformation,Unreviewed,70,Manual editorial review,Medium
ir-the-titan-vanguard,The Titan Vanguard,the-titan-vanguard,GitHub,campaign-ideas/Sci-Fi/the-titan-vanguard,Sci-Fi,Active/genre,,12,15,Medium,Original/clear,Unreviewed,53,Manual editorial review,Medium
ir-the-titans-awakening,The Titans Awakening,the-titans-awakening,GitHub,campaign-ideas/Horror/the-titans-awakening,Horror,Active/genre,,8,12,Medium,Original/clear,Unreviewed,61,Manual editorial review,Medium
ir-the-titans-dawn,The Titans Dawn,the-titans-dawn,GitHub,campaign-ideas/Horror/the-titans-dawn,Horror,Active/genre,,30,40,Long,Original/clear,Unreviewed,62,Manual editorial review,Medium
ir-the-tomb-of-eternal-dominion,The Tomb Of Eternal Dominion,the-tomb-of-eternal-dominion,GitHub,campaign-ideas/Horror/the-tomb-of-eternal-dominion,Horror,Active/genre,,8,8,Short,Original/clear,Unreviewed,66,Manual editorial review,Medium
ir-the-tower-of-binding,The Tower Of Binding,the-tower-of-binding,GitHub,campaign-ideas/Horror/the-tower-of-binding,Horror,Active/genre,,12,16,Medium,Original/clear,Unreviewed,56,Manual editorial review,Medium
ir-the-towers-fall,The Towers Fall,the-towers-fall,GitHub,campaign-ideas/Post-Apocalyptic/the-towers-fall,Post-Apocalyptic,Active/genre,,32,32,Long,Original/clear,Unreviewed,65,Manual editorial review,Medium
ir-the-town-of-wishes,The Town Of Wishes,the-town-of-wishes,GitHub,campaign-ideas/Sci-Fi/the-town-of-wishes,Sci-Fi,Active/genre,,20,25,Long,Original/clear,Unreviewed,56,Manual editorial review,Medium
ir-the-trapped-realm,The Trapped Realm,the-trapped-realm,GitHub,campaign-ideas/Horror/the-trapped-realm,Horror,Active/genre,,7,8,Short,Original/clear,Unreviewed,68,Manual editorial review,Medium
ir-the-tree-of-life,The Tree Of Life,the-tree-of-life,GitHub,campaign-ideas/Horror/the-tree-of-life,Horror,Active/genre,,27,27,Long,Original/clear,Unreviewed,50,Manual editorial review,Medium
ir-the-tricksters-tournament,The Tricksters Tournament,the-tricksters-tournament,GitHub,campaign-ideas/Horror/the-tricksters-tournament,Horror,Active/genre,,20,30,Long,Original/clear,Unreviewed,50,Manual editorial review,Medium
ir-the-trophy-hunter,The Trophy Hunter,the-trophy-hunter,GitHub,campaign-ideas/Horror/the-trophy-hunter,Horror,Active/genre,,6,8,Short,Original/clear,Unreviewed,56,Manual editorial review,Medium
ir-the-underground-stars,The Underground Stars,the-underground-stars,GitHub,campaign-ideas/Sci-Fi/the-underground-stars,Sci-Fi,Active/genre,,24,24,Long,Original/clear,Unreviewed,60,Manual editorial review,Medium
ir-the-undines-of-aqua-prima,The Undines Of Aqua Prima,the-undines-of-aqua-prima,GitHub,campaign-ideas/Sci-Fi/the-undines-of-aqua-prima,Sci-Fi,Active/genre,,10,15,Medium,Needs transformation,Unreviewed,53,Manual editorial review,Medium
ir-the-unexpected-guardian,The Unexpected Guardian,the-unexpected-guardian,GitHub,campaign-ideas/Horror/the-unexpected-guardian,Horror,Active/genre,,12,15,Medium,Original/clear,Unreviewed,63,Manual editorial review,Medium
ir-the-unwritten-war,The Unwritten War,the-unwritten-war,GitHub,campaign-ideas/Sci-Fi/the-unwritten-war,Sci-Fi,Active/genre,,35,35,Long,Original/clear,Unreviewed,54,Manual editorial review,Medium
ir-the-upside-down-protocol,The Upside Down Protocol,the-upside-down-protocol,GitHub,campaign-ideas/Horror/the-upside-down-protocol,Horror,Active/genre,,12,18,Medium,Original/clear,Unreviewed,56,Manual editorial review,Medium
ir-the-valley-of-lost-cousins,The Valley Of Lost Cousins,the-valley-of-lost-cousins,GitHub,campaign-ideas/Horror/the-valley-of-lost-cousins,Horror,Active/genre,,15,20,Medium,Original/clear,Unreviewed,59,Manual editorial review,Medium
ir-the-van-der-linde-legacy,The Van Der Linde Legacy,the-van-der-linde-legacy,GitHub,campaign-ideas/Horror/the-van-der-linde-legacy,Horror,Active/genre,,25,35,Long,Original/clear,Unreviewed,56,Manual editorial review,Medium
ir-the-vanishing-village,The Vanishing Village,the-vanishing-village,GitHub,campaign-ideas/Horror/the-vanishing-village,Horror,Active/genre,,6,8,Short,Original/clear,Unreviewed,56,Manual editorial review,Medium
ir-the-velveteen-gambit,The Velveteen Gambit,the-velveteen-gambit,GitHub,campaign-ideas/Horror/the-velveteen-gambit,Horror,Active/genre,,22,22,Long,Original/clear,Unreviewed,65,Manual editorial review,Medium
ir-the-verdant-codex,The Verdant Codex,the-verdant-codex,GitHub,campaign-ideas/Completed/Mystery/the-verdant-codex,Mystery,Completed,,,,Unknown,Original/clear,Unreviewed,61,Manual editorial review,Medium
ir-the-village-of-quiet-seasons,The Village Of Quiet Seasons,the-village-of-quiet-seasons,GitHub,campaign-ideas/Completed/Urban/the-village-of-quiet-seasons,Urban,Completed,,10,15,Medium,Original/clear,Unreviewed,77,Manual editorial review,Medium
ir-the-viral-curse,The Viral Curse,the-viral-curse,GitHub,campaign-ideas/Horror/the-viral-curse,Horror,Active/genre,,18,25,Long,Original/clear,Unreviewed,56,Manual editorial review,Medium
ir-the-virgin-queens-legacy,The Virgin Queens Legacy,the-virgin-queens-legacy,GitHub,campaign-ideas/Post-Apocalyptic/the-virgin-queens-legacy,Post-Apocalyptic,Active/genre,,,,Unknown,Original/clear,Unreviewed,58,Manual editorial review,Medium
ir-the-void-between,The Void Between,the-void-between,GitHub,campaign-ideas/Horror/the-void-between,Horror,Active/genre,,6,10,Short,Original/clear,Unreviewed,59,Manual editorial review,Medium
ir-the-void-knight-academy,The Void Knight Academy,the-void-knight-academy,GitHub,campaign-ideas/Historical/the-void-knight-academy,Historical,Active/genre,,7,7,Short,Original/clear,Unreviewed,61,Manual editorial review,Medium
ir-the-void-wanderers,The Void Wanderers,the-void-wanderers,GitHub,campaign-ideas/Horror/the-void-wanderers,Horror,Active/genre,,30,30,Long,Original/clear,Unreviewed,68,Manual editorial review,Medium
ir-the-vortex-throne,The Vortex Throne,the-vortex-throne,GitHub,campaign-ideas/Horror/the-vortex-throne,Horror,Active/genre,,,,Unknown,Original/clear,Unreviewed,47,Manual editorial review,Medium
ir-the-waking-reverie,The Waking Reverie,the-waking-reverie,GitHub,campaign-ideas/Horror/the-waking-reverie,Horror,Active/genre,,26,26,Long,Original/clear,Unreviewed,60,Manual editorial review,Medium
ir-the-walking-fortress,The Walking Fortress,the-walking-fortress,GitHub,campaign-ideas/Sci-Fi/the-walking-fortress,Sci-Fi,Active/genre,,10,14,Medium,Original/clear,Unreviewed,56,Manual editorial review,Medium
ir-the-wandering-hearth,The Wandering Hearth,the-wandering-hearth,GitHub,campaign-ideas/Sci-Fi/the-wandering-hearth,Sci-Fi,Active/genre,,10,12,Medium,Original/clear,Unreviewed,60,Manual editorial review,Medium
ir-the-wasteland-run,The Wasteland Run,the-wasteland-run,GitHub,campaign-ideas/Sci-Fi/the-wasteland-run,Sci-Fi,Active/genre,,6,8,Short,Original/clear,Unreviewed,62,Manual editorial review,Medium
ir-the-wasteland-sovereign,The Wasteland Sovereign,the-wasteland-sovereign,GitHub,campaign-ideas/Post-Apocalyptic/the-wasteland-sovereign,Post-Apocalyptic,Active/genre,,8,8,Short,Original/clear,Unreviewed,58,Manual editorial review,Medium
ir-the-watchmen-protocol,The Watchmen Protocol,the-watchmen-protocol,GitHub,campaign-ideas/Completed/Mystery/the-watchmen-protocol,Mystery,Completed,,10,12,Medium,Needs transformation,Unreviewed,63,Manual editorial review,Medium
ir-the-way-of-the-beskar,The Way Of The Beskar,the-way-of-the-beskar,GitHub,campaign-ideas/Sci-Fi/the-way-of-the-beskar,Sci-Fi,Active/genre,,12,15,Medium,Original/clear,Unreviewed,58,Manual editorial review,Medium
ir-the-way-of-the-sword,The Way Of The Sword,the-way-of-the-sword,GitHub,campaign-ideas/Sci-Fi/the-way-of-the-sword,Sci-Fi,Active/genre,,,,Unknown,Original/clear,Unreviewed,58,Manual editorial review,Medium
ir-the-wckd-protocol,The Wckd Protocol,the-wckd-protocol,GitHub,campaign-ideas/Horror/the-wckd-protocol,Horror,Active/genre,,12,15,Medium,Original/clear,Unreviewed,50,Manual editorial review,Medium
ir-the-weather-weavers,The Weather Weavers,the-weather-weavers,GitHub,campaign-ideas/Completed/Historical/the-weather-weavers,Historical,Completed,,,,Unknown,Original/clear,Unreviewed,71,Manual editorial review,Medium
ir-the-web-of-infinite-champions,The Web Of Infinite Champions,the-web-of-infinite-champions,GitHub,campaign-ideas/Horror/the-web-of-infinite-champions,Horror,Active/genre,,,,Unknown,Original/clear,Unreviewed,56,Manual editorial review,Medium
ir-the-weeping-womans-curse,The Weeping Womans Curse,the-weeping-womans-curse,GitHub,campaign-ideas/Horror/the-weeping-womans-curse,Horror,Active/genre,,10,15,Medium,Original/clear,Unreviewed,56,Manual editorial review,Medium
ir-the-wendigo-hunger,The Wendigo Hunger,the-wendigo-hunger,GitHub,campaign-ideas/Horror/the-wendigo-hunger,Horror,Active/genre,,10,15,Medium,Original/clear,Unreviewed,58,Manual editorial review,Medium
ir-the-wheel-of-naraka,The Wheel Of Naraka,the-wheel-of-naraka,GitHub,campaign-ideas/Sci-Fi/the-wheel-of-naraka,Sci-Fi,Active/genre,,20,26,Long,Original/clear,Unreviewed,50,Manual editorial review,Medium
ir-the-white-leviathan,The White Leviathan,the-white-leviathan,GitHub,campaign-ideas/Horror/the-white-leviathan,Horror,Active/genre,,,,Unknown,Original/clear,Unreviewed,38,Manual editorial review,Medium
ir-the-white-wolfs-hunt,The White Wolfs Hunt,the-white-wolfs-hunt,GitHub,campaign-ideas/Completed/Mystery/the-white-wolfs-hunt,Mystery,Completed,,25,35,Long,Needs transformation,Unreviewed,60,Manual editorial review,Medium
ir-the-winchester-chronicles,The Winchester Chronicles,the-winchester-chronicles,GitHub,campaign-ideas/Horror/the-winchester-chronicles,Horror,Active/genre,,12,15,Medium,Original/clear,Unreviewed,61,Manual editorial review,Medium
ir-the-winden-paradox,The Winden Paradox,the-winden-paradox,GitHub,campaign-ideas/Horror/the-winden-paradox,Horror,Active/genre,,12,15,Medium,Original/clear,Unreviewed,50,Manual editorial review,Medium
ir-the-wipe-cycle,The Wipe Cycle,the-wipe-cycle,GitHub,campaign-ideas/Completed/Post-Apocalyptic/the-wipe-cycle,Post-Apocalyptic,Completed,,12,15,Medium,Original/clear,Unreviewed,73,Manual editorial review,Medium
ir-the-wires-game,The Wires Game,the-wires-game,GitHub,campaign-ideas/Completed/Mystery/the-wires-game,Mystery,Completed,,30,40,Long,Original/clear,Unreviewed,67,Manual editorial review,Medium
ir-the-worldbreaker-tremors,The Worldbreaker Tremors,the-worldbreaker-tremors,GitHub,campaign-ideas/Sci-Fi/the-worldbreaker-tremors,Sci-Fi,Active/genre,,30,38,Long,Original/clear,Unreviewed,53,Manual editorial review,Medium
ir-the-worldspeaker-protocol,The Worldspeaker Protocol,the-worldspeaker-protocol,GitHub,campaign-ideas/Sci-Fi/the-worldspeaker-protocol,Sci-Fi,Active/genre,,10,12,Medium,Original/clear,Unreviewed,56,Manual editorial review,Medium
ir-the-wyld-timeways,The Wyld Timeways,the-wyld-timeways,GitHub,campaign-ideas/Sci-Fi/the-wyld-timeways,Sci-Fi,Active/genre,,,,Unknown,Original/clear,Unreviewed,50,Manual editorial review,Medium
ir-the-ymbryne-loop,The Ymbryne Loop,the-ymbryne-loop,GitHub,campaign-ideas/Horror/the-ymbryne-loop,Horror,Active/genre,,12,15,Medium,Original/clear,Unreviewed,56,Manual editorial review,Medium
ir-the-zodiac-curse,The Zodiac Curse,the-zodiac-curse,GitHub,campaign-ideas/Sci-Fi/the-zodiac-curse,Sci-Fi,Active/genre,,15,20,Medium,Original/clear,Unreviewed,65,Manual editorial review,Medium
ir-the-zodiac-eclipse,The Zodiac Eclipse,the-zodiac-eclipse,GitHub,campaign-ideas/Horror/the-zodiac-eclipse,Horror,Active/genre,,12,12,Medium,Original/clear,Unreviewed,50,Manual editorial review,Medium
ir-thieves-of-the-cognitive-palace,Thieves Of The Cognitive Palace,thieves-of-the-cognitive-palace,GitHub,campaign-ideas/Completed/Mystery/thieves-of-the-cognitive-palace,Mystery,Completed,,25,30,Long,Original/clear,Unreviewed,70,Manual editorial review,Medium
ir-threads-of-fate,Threads Of Fate,threads-of-fate,GitHub,campaign-ideas/Sci-Fi/threads-of-fate,Sci-Fi,Active/genre,,,,Unknown,Original/clear,Unreviewed,50,Manual editorial review,Medium
ir-threads-of-the-pattern,Threads Of The Pattern,threads-of-the-pattern,GitHub,campaign-ideas/Horror/threads-of-the-pattern,Horror,Active/genre,,,,Unknown,Original/clear,Unreviewed,58,Manual editorial review,Medium
ir-threshold-descent,Threshold Descent,threshold-descent,GitHub,campaign-ideas/Horror/threshold-descent,Horror,Active/genre,,25,35,Long,Original/clear,Unreviewed,65,Manual editorial review,Medium
ir-tides-of-fortune,Tides Of Fortune,tides-of-fortune,GitHub,campaign-ideas/Completed/Historical/tides-of-fortune,Historical,Completed,,10,12,Medium,Original/clear,Unreviewed,77,Manual editorial review,Medium
ir-tides-of-the-trident-throne,Tides Of The Trident Throne,tides-of-the-trident-throne,GitHub,campaign-ideas/Completed/Historical/tides-of-the-trident-throne,Historical,Completed,,30,30,Long,Original/clear,Unreviewed,70,Manual editorial review,Medium
ir-tinker-tailor-wizard-spy,Tinker Tailor Wizard Spy,tinker-tailor-wizard-spy,GitHub,campaign-ideas/Sci-Fi/tinker-tailor-wizard-spy,Sci-Fi,Active/genre,,24,24,Long,Original/clear,Unreviewed,60,Manual editorial review,Medium
ir-titans-of-steel,Titans Of Steel,titans-of-steel,GitHub,campaign-ideas/Horror/titans-of-steel,Horror,Active/genre,,30,40,Long,Original/clear,Unreviewed,60,Manual editorial review,Medium
ir-transhuman-ascension,Transhuman Ascension,transhuman-ascension,GitHub,campaign-ideas/Horror/transhuman-ascension,Horror,Active/genre,,27,27,Long,Original/clear,Unreviewed,50,Manual editorial review,Medium
ir-treasure-hunt-of-the-damned,Treasure Hunt Of The Damned,treasure-hunt-of-the-damned,GitHub,campaign-ideas/Horror/treasure-hunt-of-the-damned,Horror,Active/genre,,15,20,Medium,Original/clear,Unreviewed,59,Manual editorial review,Medium
ir-twilight-of-the-nine-realms,Twilight Of The Nine Realms,twilight-of-the-nine-realms,GitHub,campaign-ideas/Completed/Historical/twilight-of-the-nine-realms,Historical,Completed,,15,20,Medium,Original/clear,Unreviewed,73,Manual editorial review,Medium
ir-velocity-1000,Velocity 1000,velocity-1000,GitHub,campaign-ideas/Sci-Fi/velocity-1000,Sci-Fi,Active/genre,,20,25,Long,Original/clear,Unreviewed,56,Manual editorial review,Medium
ir-violent-delights,Violent Delights,violent-delights,GitHub,campaign-ideas/Horror/violent-delights,Horror,Active/genre,,20,28,Long,Original/clear,Unreviewed,50,Manual editorial review,Medium
ir-void-reavers,Void Reavers,void-reavers,GitHub,campaign-ideas/Sci-Fi/void-reavers,Sci-Fi,Active/genre,,30,30,Long,Original/clear,Unreviewed,53,Manual editorial review,Medium
ir-voyage-through-the-veins,Voyage Through The Veins,voyage-through-the-veins,GitHub,campaign-ideas/Sci-Fi/voyage-through-the-veins,Sci-Fi,Active/genre,,25,25,Long,Original/clear,Unreviewed,58,Manual editorial review,Medium
ir-wall-of-titans,Wall Of Titans,wall-of-titans,GitHub,campaign-ideas/Horror/wall-of-titans,Horror,Active/genre,,,,Unknown,Original/clear,Unreviewed,52,Manual editorial review,Medium
ir-walls-of-last-hope,Walls Of Last Hope,walls-of-last-hope,GitHub,campaign-ideas/Horror/walls-of-last-hope,Horror,Active/genre,,30,40,Long,Original/clear,Unreviewed,69,Manual editorial review,Medium
ir-walls-of-the-forsaken,Walls Of The Forsaken,walls-of-the-forsaken,GitHub,campaign-ideas/Horror/walls-of-the-forsaken,Horror,Active/genre,,25,35,Long,Original/clear,Unreviewed,56,Manual editorial review,Medium
ir-war-in-heaven,War In Heaven,war-in-heaven,GitHub,campaign-ideas/Completed/Intrigue/war-in-heaven,Intrigue,Completed,,15,20,Medium,Original/clear,Unreviewed,71,Manual editorial review,Medium
ir-war-of-seven-kingdoms,War Of Seven Kingdoms,war-of-seven-kingdoms,GitHub,campaign-ideas/Horror/war-of-seven-kingdoms,Horror,Active/genre,,5,7,Short,Needs transformation,Unreviewed,46,Manual editorial review,Medium
ir-war-of-the-elements,War Of The Elements,war-of-the-elements,GitHub,campaign-ideas/Completed/Historical/war-of-the-elements,Historical,Completed,,25,25,Long,Original/clear,Unreviewed,81,Manual editorial review,Medium
ir-war-of-the-pantheons,War Of The Pantheons,war-of-the-pantheons,GitHub,campaign-ideas/Sci-Fi/war-of-the-pantheons,Sci-Fi,Active/genre,,,,Unknown,Original/clear,Unreviewed,50,Manual editorial review,Medium
ir-warriors-of-the-celestial-tournament,Warriors Of The Celestial Tournament,warriors-of-the-celestial-tournament,GitHub,campaign-ideas/Sci-Fi/warriors-of-the-celestial-tournament,Sci-Fi,Active/genre,,22,30,Long,Original/clear,Unreviewed,59,Manual editorial review,Medium
ir-wasteland-of-athas,Wasteland Of Athas,wasteland-of-athas,GitHub,campaign-ideas/Sci-Fi/wasteland-of-athas,Sci-Fi,Active/genre,,18,22,Medium,Original/clear,Unreviewed,56,Manual editorial review,Medium
ir-wasteland-rebellion,Wasteland Rebellion,wasteland-rebellion,GitHub,campaign-ideas/Completed/Post-Apocalyptic/wasteland-rebellion,Post-Apocalyptic,Completed,,15,20,Medium,Original/clear,Unreviewed,73,Manual editorial review,Medium
ir-wavebreakers,Wavebreakers,wavebreakers,GitHub,campaign-ideas/Horror/wavebreakers,Horror,Active/genre,,26,26,Long,Original/clear,Unreviewed,63,Manual editorial review,Medium
ir-way-of-the-fading-blade,Way Of The Fading Blade,way-of-the-fading-blade,GitHub,campaign-ideas/Completed/Historical/way-of-the-fading-blade,Historical,Completed,,15,20,Medium,Original/clear,Unreviewed,73,Manual editorial review,Medium
ir-whalefall-conspiracy,Whalefall Conspiracy,whalefall-conspiracy,GitHub,campaign-ideas/Horror/whalefall-conspiracy,Horror,Active/genre,,30,30,Long,Original/clear,Unreviewed,53,Manual editorial review,Medium
ir-wheel-of-dharma,Wheel Of Dharma,wheel-of-dharma,GitHub,campaign-ideas/Completed/Post-Apocalyptic/wheel-of-dharma,Post-Apocalyptic,Completed,,16,22,Medium,Original/clear,Unreviewed,73,Manual editorial review,Medium
ir-wheel-of-fate,Wheel Of Fate,wheel-of-fate,GitHub,campaign-ideas/Horror/wheel-of-fate,Horror,Active/genre,,28,28,Long,Original/clear,Unreviewed,60,Manual editorial review,Medium
ir-when-magic-rises,When Magic Rises,when-magic-rises,GitHub,campaign-ideas/Horror/when-magic-rises,Horror,Active/genre,,20,25,Long,Original/clear,Unreviewed,59,Manual editorial review,Medium
ir-when-stars-walk,When Stars Walk,when-stars-walk,GitHub,campaign-ideas/Completed/Post-Apocalyptic/when-stars-walk,Post-Apocalyptic,Completed,,20,20,Medium,Needs transformation,Unreviewed,55,Manual editorial review,Medium
ir-when-stone-walks,When Stone Walks,when-stone-walks,GitHub,campaign-ideas/Horror/when-stone-walks,Horror,Active/genre,,25,35,Long,Original/clear,Unreviewed,60,Manual editorial review,Medium
ir-when-the-ice-comes,When The Ice Comes,when-the-ice-comes,GitHub,campaign-ideas/Horror/when-the-ice-comes,Horror,Active/genre,,28,36,Long,Original/clear,Unreviewed,58,Manual editorial review,Medium
ir-whips-and-relics,Whips And Relics,whips-and-relics,GitHub,campaign-ideas/Sci-Fi/whips-and-relics,Sci-Fi,Active/genre,,12,15,Medium,Original/clear,Unreviewed,59,Manual editorial review,Medium
ir-who-knows-what-evil,Who Knows What Evil,who-knows-what-evil,GitHub,campaign-ideas/Completed/Sci-Fi/who-knows-what-evil,Sci-Fi,Completed,,12,15,Medium,Original/clear,Unreviewed,73,Manual editorial review,Medium
ir-wildspace-corsairs,Wildspace Corsairs,wildspace-corsairs,GitHub,campaign-ideas/Completed/Sci-Fi/wildspace-corsairs,Sci-Fi,Completed,,18,24,Long,Original/clear,Unreviewed,73,Manual editorial review,Medium
ir-winds-of-fortune,Winds Of Fortune,winds-of-fortune,GitHub,campaign-ideas/Completed/Sci-Fi/winds-of-fortune,Sci-Fi,Completed,,36,36,Epic,Original/clear,Unreviewed,71,Manual editorial review,Medium
ir-wings-of-the-crows,Wings Of The Crows,wings-of-the-crows,GitHub,campaign-ideas/Completed/Sci-Fi/wings-of-the-crows,Sci-Fi,Completed,,15,20,Medium,Original/clear,Unreviewed,77,Manual editorial review,Medium
ir-wings-of-the-void,Wings Of The Void,wings-of-the-void,GitHub,campaign-ideas/Completed/Sci-Fi/wings-of-the-void,Sci-Fi,Completed,,24,24,Long,Original/clear,Unreviewed,88,Manual editorial review,Medium
ir-winters-ambassadors,Winters Ambassadors,winters-ambassadors,GitHub,campaign-ideas/Completed/Mystery/winters-ambassadors,Mystery,Completed,,3,3,Micro/one-shot,Original/clear,Unreviewed,73,Manual editorial review,Medium
ir-wired-souls,Wired Souls,wired-souls,GitHub,campaign-ideas/Completed/Horror/wired-souls,Horror,Completed,,28,28,Long,Original/clear,Unreviewed,81,Manual editorial review,Medium
ir-wrath-of-achilles,Wrath Of Achilles,wrath-of-achilles,GitHub,campaign-ideas/Completed/Horror/wrath-of-achilles,Horror,Completed,,3,3,Micro/one-shot,Original/clear,Unreviewed,70,Manual editorial review,Medium
ir-wrath-of-the-phoenix,Wrath Of The Phoenix,wrath-of-the-phoenix,GitHub,campaign-ideas/Completed/Horror/wrath-of-the-phoenix,Horror,Completed,,,,Unknown,Original/clear,Unreviewed,74,Manual editorial review,Medium
ir-xenomorph-protocol,Xenomorph Protocol,xenomorph-protocol,GitHub,campaign-ideas/Completed/Horror/xenomorph-protocol,Horror,Completed,,6,8,Short,Needs transformation,Unreviewed,63,Manual editorial review,Medium
ir-yard-sale-apocalypse,Yard Sale Apocalypse,yard-sale-apocalypse,GitHub,campaign-ideas/Completed/Sci-Fi/yard-sale-apocalypse,Sci-Fi,Completed,,16,16,Medium,Original/clear,Unreviewed,75,Manual editorial review,Medium
idea-1,The Cacophony of Stillness,the-cacophony-of-stillness,Ideas sheet,,Ideas,Sheet-only,S,,,Unknown,Review,Sheet-only concept,20,Expand into a campaign package,High
idea-2,The Godskin Atlas,the-godskin-atlas,Ideas sheet,,Ideas,Sheet-only,S,,,Unknown,Review,Sheet-only concept,20,Expand into a campaign package,High
idea-3,The Color from Between,the-color-from-between,Ideas sheet,,Ideas,Sheet-only,S,,,Unknown,Review,Sheet-only concept,20,Expand into a campaign package,High
idea-4,The Hour of Rust,the-hour-of-rust,Ideas sheet,,Ideas,Sheet-only,A,,,Unknown,Review,Related but distinct campaign,20,Expand into a campaign package,High
idea-5,The Lie of Gravity,the-lie-of-gravity,Ideas sheet,,Ideas,Sheet-only,A,,,Unknown,Review,Sheet-only concept,20,Expand into a campaign package,High
idea-6,The Symbiotic City,the-symbiotic-city,Ideas sheet,,Ideas,Sheet-only,A,,,Unknown,Review,Sheet-only concept,20,Expand into a campaign package,High
idea-7,The Chronal Mire,the-chronal-mire,Ideas sheet,,Ideas,Sheet-only,B,,,Unknown,Review,Related but distinct campaign,20,Expand into a campaign package,High
idea-8,The Masquerade of Faces,the-masquerade-of-faces,Ideas sheet,,Ideas,Sheet-only,B,,,Unknown,Review,Related but distinct campaign,20,Expand into a campaign package,High
idea-9,The Grammar of Creation,the-grammar-of-creation,Ideas sheet,,Ideas,Sheet-only,B,,,Unknown,Review,Sheet-only concept,20,Expand into a campaign package,High
idea-10,The Gravity Well of Regret,the-gravity-well-of-regret,Ideas sheet,,Ideas,Sheet-only,S,,,Unknown,Review,Sheet-only concept,20,Expand into a campaign package,High
idea-11,The Consensus Engine,the-consensus-engine,Ideas sheet,,Ideas,Sheet-only,S,,,Unknown,Review,Sheet-only concept,20,Expand into a campaign package,High
idea-12,The Theorem of Flesh,the-theorem-of-flesh,Ideas sheet,,Ideas,Sheet-only,S,,,Unknown,Review,Related but distinct campaign,20,Expand into a campaign package,High
idea-13,The Map that Eats the World,the-map-that-eats-the-world,Ideas sheet,,Ideas,Sheet-only,A,,,Unknown,Review,Sheet-only concept,20,Expand into a campaign package,High
idea-14,The Memory Garden,the-memory-garden,Ideas sheet,,Ideas,Sheet-only,A,,,Unknown,Review,Related but distinct campaign,20,Expand into a campaign package,High
idea-15,The Tyranny of Dreams,the-tyranny-of-dreams,Ideas sheet,,Ideas,Sheet-only,B,,,Unknown,Review,Sheet-only concept,20,Expand into a campaign package,High
idea-16,The Law of Averages,the-law-of-averages,Ideas sheet,,Ideas,Sheet-only,A,,,Unknown,Review,Sheet-only concept,20,Expand into a campaign package,High
idea-17,The Echoes of a Dead Language,the-echoes-of-a-dead-language,Ideas sheet,,Ideas,Sheet-only,C,,,Unknown,Review,Sheet-only concept,20,Expand into a campaign package,High
idea-18,The Salt Perpetual,the-salt-perpetual,Ideas sheet,,Ideas,Sheet-only,C,,,Unknown,Review,Sheet-only concept,20,Expand into a campaign package,High
idea-19,The Appetites of the Road,the-appetites-of-the-road,Ideas sheet,,Ideas,Sheet-only,C,,,Unknown,Review,Sheet-only concept,20,Expand into a campaign package,High
idea-20,The World in the Painting,the-world-in-the-painting,Ideas sheet,,Ideas,Sheet-only,B,,,Unknown,Review,Sheet-only concept,20,Expand into a campaign package,High
idea-21,Whispers of the Fractured Echo,whispers-of-the-fractured-echo,Ideas sheet,,Ideas,Sheet-only,A,,,Unknown,Review,Sheet-only concept,20,Expand into a campaign package,High
idea-22,Veins of the Living Map,veins-of-the-living-map,Ideas sheet,,Ideas,Sheet-only,S,,,Unknown,Review,Sheet-only concept,20,Expand into a campaign package,High
idea-23,The Hungering Palette,the-hungering-palette,Ideas sheet,,Ideas,Sheet-only,B,,,Unknown,Review,Sheet-only concept,20,Expand into a campaign package,High
idea-24,Shadows of the Unveiled Chorus,shadows-of-the-unveiled-chorus,Ideas sheet,,Ideas,Sheet-only,A,,,Unknown,Review,Related but distinct campaign,20,Expand into a campaign package,High
idea-25,The Encroaching Void Garden,the-encroaching-void-garden,Ideas sheet,,Ideas,Sheet-only,S,,,Unknown,Review,Sheet-only concept,20,Expand into a campaign package,High
idea-26,Fractures in the Flavor Web,fractures-in-the-flavor-web,Ideas sheet,,Ideas,Sheet-only,C,,,Unknown,Review,Sheet-only concept,20,Expand into a campaign package,High
idea-27,The Concealed Rhythm Hive,the-concealed-rhythm-hive,Ideas sheet,,Ideas,Sheet-only,B,,,Unknown,Review,Sheet-only concept,20,Expand into a campaign package,High
idea-28,Invasion of the Memory Webs,invasion-of-the-memory-webs,Ideas sheet,,Ideas,Sheet-only,A,,,Unknown,Review,Sheet-only concept,20,Expand into a campaign package,High
idea-29,The Pilfered Breath Codex,the-pilfered-breath-codex,Ideas sheet,,Ideas,Sheet-only,B,,,Unknown,Review,Related but distinct campaign,20,Expand into a campaign package,High
idea-30,Labyrinth of the Emergent Scents,labyrinth-of-the-emergent-scents,Ideas sheet,,Ideas,Sheet-only,A,,,Unknown,Review,Sheet-only concept,20,Expand into a campaign package,High
idea-31,The Creeping Symmetry Plague,the-creeping-symmetry-plague,Ideas sheet,,Ideas,Sheet-only,S,,,Unknown,Review,Sheet-only concept,20,Expand into a campaign package,High
idea-32,Corrosion of the Idea Forge,corrosion-of-the-idea-forge,Ideas sheet,,Ideas,Sheet-only,C,,,Unknown,Review,Sheet-only concept,20,Expand into a campaign package,High
idea-33,The Hidden Calculus Realm,the-hidden-calculus-realm,Ideas sheet,,Ideas,Sheet-only,S,,,Unknown,Review,Sheet-only concept,20,Expand into a campaign package,High
idea-34,Advance of the Flavor Vortices,advance-of-the-flavor-vortices,Ideas sheet,,Ideas,Sheet-only,B,,,Unknown,Review,Sheet-only concept,20,Expand into a campaign package,High
idea-35,Theft of the Motion Lexicon,theft-of-the-motion-lexicon,Ideas sheet,,Ideas,Sheet-only,A,,,Unknown,Review,Sheet-only concept,20,Expand into a campaign package,High
idea-36,The Obscured Pattern Weave,the-obscured-pattern-weave,Ideas sheet,,Ideas,Sheet-only,S,,,Unknown,Review,Sheet-only concept,20,Expand into a campaign package,High
idea-37,Incursion of the Silence Blooms,incursion-of-the-silence-blooms,Ideas sheet,,Ideas,Sheet-only,C,,,Unknown,Review,Sheet-only concept,20,Expand into a campaign package,High
idea-38,Shattering of the Scent Codex,shattering-of-the-scent-codex,Ideas sheet,,Ideas,Sheet-only,B,,,Unknown,Review,Sheet-only concept,20,Expand into a campaign package,High
idea-39,The Cloaked Echo Nexus,the-cloaked-echo-nexus,Ideas sheet,,Ideas,Sheet-only,A,,,Unknown,Review,Sheet-only concept,20,Expand into a campaign package,High
idea-40,Onslaught of the Texture Rifts,onslaught-of-the-texture-rifts,Ideas sheet,,Ideas,Sheet-only,S,,,Unknown,Review,Sheet-only concept,20,Expand into a campaign package,High
idea-41,The Memory Exchange,the-memory-exchange,Ideas sheet,,Ideas,Sheet-only,A,,,Unknown,Review,Related but distinct campaign,20,Expand into a campaign package,High
idea-42,Dreamweaver's Incursion,dreamweaver-s-incursion,Ideas sheet,,Ideas,Sheet-only,B,,,Unknown,Review,Sheet-only concept,20,Expand into a campaign package,High
idea-43,Temporal Drought,temporal-drought,Ideas sheet,,Ideas,Sheet-only,S,,,Unknown,Review,Sheet-only concept,20,Expand into a campaign package,High
idea-44,Shadow Uprising,shadow-uprising,Ideas sheet,,Ideas,Sheet-only,A,,,Unknown,Review,Sheet-only concept,20,Expand into a campaign package,High
idea-45,Harmonic Collapse,harmonic-collapse,Ideas sheet,,Ideas,Sheet-only,B,,,Unknown,Review,Sheet-only concept,20,Expand into a campaign package,High
idea-46,Verdant Conspiracy,verdant-conspiracy,Ideas sheet,,Ideas,Sheet-only,S,,,Unknown,Review,Related but distinct campaign,20,Expand into a campaign package,High
idea-47,Mirror Doppelgangers,mirror-doppelgangers,Ideas sheet,,Ideas,Sheet-only,A,,,Unknown,Review,Sheet-only concept,20,Expand into a campaign package,High
idea-48,Literal Lexicon,literal-lexicon,Ideas sheet,,Ideas,Sheet-only,C,,,Unknown,Review,Sheet-only concept,20,Expand into a campaign package,High
idea-49,Celestial Hatchlings,celestial-hatchlings,Ideas sheet,,Ideas,Sheet-only,B,,,Unknown,Review,Sheet-only concept,20,Expand into a campaign package,High
idea-50,Gravitational Bargains,gravitational-bargains,Ideas sheet,,Ideas,Sheet-only,A,,,Unknown,Review,Sheet-only concept,20,Expand into a campaign package,High
idea-51,Chromatic Theft,chromatic-theft,Ideas sheet,,Ideas,Sheet-only,B,,,Unknown,Review,Sheet-only concept,20,Expand into a campaign package,High
idea-52,Echo Possessions,echo-possessions,Ideas sheet,,Ideas,Sheet-only,S,,,Unknown,Review,Sheet-only concept,20,Expand into a campaign package,High
idea-53,Luck Mines,luck-mines,Ideas sheet,,Ideas,Sheet-only,C,,,Unknown,Review,Sheet-only concept,20,Expand into a campaign package,High
idea-54,Predatory Silence,predatory-silence,Ideas sheet,,Ideas,Sheet-only,B,,,Unknown,Review,Sheet-only concept,20,Expand into a campaign package,High
idea-55,Voracious Volumes,voracious-volumes,Ideas sheet,,Ideas,Sheet-only,A,,,Unknown,Review,Sheet-only concept,20,Expand into a campaign package,High
idea-56,Soul Winds,soul-winds,Ideas sheet,,Ideas,Sheet-only,S,,,Unknown,Review,Sheet-only concept,20,Expand into a campaign package,High
idea-57,Mnemic Rain,mnemic-rain,Ideas sheet,,Ideas,Sheet-only,C,,,Unknown,Review,Sheet-only concept,20,Expand into a campaign package,High
idea-58,Fatal Clocks,fatal-clocks,Ideas sheet,,Ideas,Sheet-only,B,,,Unknown,Review,Sheet-only concept,20,Expand into a campaign package,High
idea-59,Destiny Weaves,destiny-weaves,Ideas sheet,,Ideas,Sheet-only,A,,,Unknown,Review,Sheet-only concept,20,Expand into a campaign package,High
idea-60,Olfactory Shifts,olfactory-shifts,Ideas sheet,,Ideas,Sheet-only,C,,,Unknown,Review,Sheet-only concept,20,Expand into a campaign package,High
idea-61,Echoes of the Silent Symphony,echoes-of-the-silent-symphony,Ideas sheet,,Ideas,Sheet-only,A,,,Unknown,Review,Related but distinct campaign,20,Expand into a campaign package,High
idea-62,The Weaver's Fractured Loom,the-weaver-s-fractured-loom,Ideas sheet,,Ideas,Sheet-only,S,,,Unknown,Review,Sheet-only concept,20,Expand into a campaign package,High
idea-63,Veins of Liquid Shadow,veins-of-liquid-shadow,Ideas sheet,,Ideas,Sheet-only,A,,,Unknown,Review,Sheet-only concept,20,Expand into a campaign package,High
idea-64,The Intruder's Palette,the-intruder-s-palette,Ideas sheet,,Ideas,Sheet-only,B,,,Unknown,Review,Sheet-only concept,20,Expand into a campaign package,High
idea-65,Fractured Echo Chambers,fractured-echo-chambers,Ideas sheet,,Ideas,Sheet-only,C,,,Unknown,Review,Sheet-only concept,20,Expand into a campaign package,High
idea-66,The Symbiotic Codex,the-symbiotic-codex,Ideas sheet,,Ideas,Sheet-only,A,,,Unknown,Review,Sheet-only concept,20,Expand into a campaign package,High
idea-67,Whispers from the Void Clock,whispers-from-the-void-clock,Ideas sheet,,Ideas,Sheet-only,S,,,Unknown,Review,Sheet-only concept,20,Expand into a campaign package,High
idea-68,The Corrupted Palette of Dreams,the-corrupted-palette-of-dreams,Ideas sheet,,Ideas,Sheet-only,B,,,Unknown,Review,Sheet-only concept,20,Expand into a campaign package,High
idea-69,Lattice of Forgotten Scents,lattice-of-forgotten-scents,Ideas sheet,,Ideas,Sheet-only,C,,,Unknown,Review,Sheet-only concept,20,Expand into a campaign package,High
idea-70,The Encroaching Silence Veil,the-encroaching-silence-veil,Ideas sheet,,Ideas,Sheet-only,A,,,Unknown,Review,Sheet-only concept,20,Expand into a campaign package,High
idea-71,Shards of the Emotion Forge,shards-of-the-emotion-forge,Ideas sheet,,Ideas,Sheet-only,B,,,Unknown,Review,Sheet-only concept,20,Expand into a campaign package,High
idea-72,The Veiled Rhythm Hive,the-veiled-rhythm-hive,Ideas sheet,,Ideas,Sheet-only,S,,,Unknown,Review,Sheet-only concept,20,Expand into a campaign package,High
idea-73,Invasive Geometry Rifts,invasive-geometry-rifts,Ideas sheet,,Ideas,Sheet-only,A,,,Unknown,Review,Sheet-only concept,20,Expand into a campaign package,High
idea-74,The Stolen Hue Repository,the-stolen-hue-repository,Ideas sheet,,Ideas,Sheet-only,C,,,Unknown,Review,Sheet-only concept,20,Expand into a campaign package,High
idea-75,Echoes of the Taste Labyrinth,echoes-of-the-taste-labyrinth,Ideas sheet,,Ideas,Sheet-only,B,,,Unknown,Review,Related but distinct campaign,20,Expand into a campaign package,High
idea-76,The Intrusive Whisper Network,the-intrusive-whisper-network,Ideas sheet,,Ideas,Sheet-only,S,,,Unknown,Review,Sheet-only concept,20,Expand into a campaign package,High
idea-77,Corrupted Symmetry Enforcer,corrupted-symmetry-enforcer,Ideas sheet,,Ideas,Sheet-only,A,,,Unknown,Review,Sheet-only concept,20,Expand into a campaign package,High
idea-78,The Hidden Friction Tribe,the-hidden-friction-tribe,Ideas sheet,,Ideas,Sheet-only,C,,,Unknown,Review,Sheet-only concept,20,Expand into a campaign package,High
idea-79,Proliferating Echo Anomalies,proliferating-echo-anomalies,Ideas sheet,,Ideas,Sheet-only,B,,,Unknown,Review,Sheet-only concept,20,Expand into a campaign package,High
idea-80,The Encroaching Flavor Inversion,the-encroaching-flavor-inversion,Ideas sheet,,Ideas,Sheet-only,A,,,Unknown,Review,Sheet-only concept,20,Expand into a campaign package,High
idea-81,The Cartographer's Reality,the-cartographer-s-reality,Ideas sheet,,Ideas,Sheet-only,S,,,Unknown,Review,Sheet-only concept,20,Expand into a campaign package,High
idea-82,The Calcified Sky,the-calcified-sky,Ideas sheet,,Ideas,Sheet-only,A,,,Unknown,Review,Sheet-only concept,20,Expand into a campaign package,High
idea-83,The Deity-Farming Collective,the-deity-farming-collective,Ideas sheet,,Ideas,Sheet-only,B,,,Unknown,Review,Sheet-only concept,20,Expand into a campaign package,High
idea-84,The Silence of the Bards,the-silence-of-the-bards,Ideas sheet,,Ideas,Sheet-only,C,,,Unknown,Review,Related but distinct campaign,20,Expand into a campaign package,High
idea-85,The Architecture of Guilt,the-architecture-of-guilt,Ideas sheet,,Ideas,Sheet-only,B,,,Unknown,Review,Sheet-only concept,20,Expand into a campaign package,High
idea-86,The Skeleton Suit,the-skeleton-suit,Ideas sheet,,Ideas,Sheet-only,C,,,Unknown,Review,Sheet-only concept,20,Expand into a campaign package,High
idea-87,The Economy of Breath,the-economy-of-breath,Ideas sheet,,Ideas,Sheet-only,A,,,Unknown,Review,Sheet-only concept,20,Expand into a campaign package,High
idea-88,The Reverse-Dungeon Defense,the-reverse-dungeon-defense,Ideas sheet,,Ideas,Sheet-only,C,,,Unknown,Review,Sheet-only concept,20,Expand into a campaign package,High
idea-89,The Library of Unwritten Books,the-library-of-unwritten-books,Ideas sheet,,Ideas,Sheet-only,A,,,Unknown,Review,Sheet-only concept,20,Expand into a campaign package,High
idea-90,The Chronological Divorce,the-chronological-divorce,Ideas sheet,,Ideas,Sheet-only,S,,,Unknown,Review,Sheet-only concept,20,Expand into a campaign package,High
idea-91,The Mimic Civilization,the-mimic-civilization,Ideas sheet,,Ideas,Sheet-only,B,,,Unknown,Review,Sheet-only concept,20,Expand into a campaign package,High
idea-92,The Color Thief,the-color-thief,Ideas sheet,,Ideas,Sheet-only,A,,,Unknown,Review,Sheet-only concept,20,Expand into a campaign package,High
idea-93,The Fossilized Future,the-fossilized-future,Ideas sheet,,Ideas,Sheet-only,S,,,Unknown,Review,Sheet-only concept,20,Expand into a campaign package,High
idea-94,The Dream-Eater's Insomnia,the-dream-eater-s-insomnia,Ideas sheet,,Ideas,Sheet-only,B,,,Unknown,Review,Sheet-only concept,20,Expand into a campaign package,High
idea-95,The Corpse of Winter,the-corpse-of-winter,Ideas sheet,,Ideas,Sheet-only,B,,,Unknown,Review,Sheet-only concept,20,Expand into a campaign package,High
idea-96,The Memory Market,the-memory-market,Ideas sheet,,Ideas,Sheet-only,S,,,Unknown,Review,Related but distinct campaign,20,Expand into a campaign package,High
idea-97,The Shadow Separation,the-shadow-separation,Ideas sheet,,Ideas,Sheet-only,A,,,Unknown,Review,Sheet-only concept,20,Expand into a campaign package,High
idea-98,The Leviathan's Gut,the-leviathan-s-gut,Ideas sheet,,Ideas,Sheet-only,S,,,Unknown,Review,Likely GitHub match requiring review,20,Expand into a campaign package,High
idea-99,The Genealogy of Swords,the-genealogy-of-swords,Ideas sheet,,Ideas,Sheet-only,C,,,Unknown,Review,Sheet-only concept,20,Expand into a campaign package,High
idea-100,The Ocean of Stars,the-ocean-of-stars,Ideas sheet,,Ideas,Sheet-only,A,,,Unknown,Review,Sheet-only concept,20,Expand into a campaign package,High
idea-101,The God-Carcass Gold Rush,the-god-carcass-gold-rush,Ideas sheet,,Ideas,Sheet-only,S,,,Unknown,Review,Sheet-only concept,20,Expand into a campaign package,High
idea-102,The Vertical Steppe,the-vertical-steppe,Ideas sheet,,Ideas,Sheet-only,S,,,Unknown,Review,Sheet-only concept,20,Expand into a campaign package,High
idea-103,The Probability Plunder,the-probability-plunder,Ideas sheet,,Ideas,Sheet-only,B,,,Unknown,Review,Sheet-only concept,20,Expand into a campaign package,High
idea-104,The Vitrified World,the-vitrified-world,Ideas sheet,,Ideas,Sheet-only,A,,,Unknown,Review,Sheet-only concept,20,Expand into a campaign package,High
idea-105,The Flesh-Renters,the-flesh-renters,Ideas sheet,,Ideas,Sheet-only,A,,,Unknown,Review,Sheet-only concept,20,Expand into a campaign package,High
idea-106,The Molting Earth,the-molting-earth,Ideas sheet,,Ideas,Sheet-only,B,,,Unknown,Review,Related but distinct campaign,20,Expand into a campaign package,High
idea-107,The Rail-Sea,the-rail-sea,Ideas sheet,,Ideas,Sheet-only,S,,,Unknown,Review,Related but distinct campaign,20,Expand into a campaign package,High
idea-108,The Ink-Stained Soul,the-ink-stained-soul,Ideas sheet,,Ideas,Sheet-only,B,,,Unknown,Review,Sheet-only concept,20,Expand into a campaign package,High
idea-109,The Gentrification of the Abyss,the-gentrification-of-the-abyss,Ideas sheet,,Ideas,Sheet-only,C,,,Unknown,Review,Sheet-only concept,20,Expand into a campaign package,High
idea-110,The Hive-Mind's Blindspot,the-hive-mind-s-blindspot,Ideas sheet,,Ideas,Sheet-only,A,,,Unknown,Review,Sheet-only concept,20,Expand into a campaign package,High
idea-111,The Flatland Invasion,the-flatland-invasion,Ideas sheet,,Ideas,Sheet-only,C,,,Unknown,Review,Sheet-only concept,20,Expand into a campaign package,High
idea-112,The Mana-Radioactive Zone,the-mana-radioactive-zone,Ideas sheet,,Ideas,Sheet-only,S,,,Unknown,Review,Sheet-only concept,20,Expand into a campaign package,High
idea-113,The Migrating Cities,the-migrating-cities,Ideas sheet,,Ideas,Sheet-only,A,,,Unknown,Review,Sheet-only concept,20,Expand into a campaign package,High
idea-114,The Verdict of Scars,the-verdict-of-scars,Ideas sheet,,Ideas,Sheet-only,B,,,Unknown,Review,Related but distinct campaign,20,Expand into a campaign package,High
idea-115,The Cartel of Sleep,the-cartel-of-sleep,Ideas sheet,,Ideas,Sheet-only,A,,,Unknown,Review,Related but distinct campaign,20,Expand into a campaign package,High
idea-116,The Ignited Oceans,the-ignited-oceans,Ideas sheet,,Ideas,Sheet-only,B,,,Unknown,Review,Sheet-only concept,20,Expand into a campaign package,High
idea-117,The Beast-Symbiosis,the-beast-symbiosis,Ideas sheet,,Ideas,Sheet-only,A,,,Unknown,Review,Sheet-only concept,20,Expand into a campaign package,High
idea-118,The Falling Empire,the-falling-empire,Ideas sheet,,Ideas,Sheet-only,C,,,Unknown,Review,Related but distinct campaign,20,Expand into a campaign package,High
idea-119,The Mirror-Breakers,the-mirror-breakers,Ideas sheet,,Ideas,Sheet-only,C,,,Unknown,Review,Related but distinct campaign,20,Expand into a campaign package,High
idea-120,The Trophy-Room Escape,the-trophy-room-escape,Ideas sheet,,Ideas,Sheet-only,C,,,Unknown,Review,Sheet-only concept,20,Expand into a campaign package,High
idea-121,The Acoustic Inquisition,the-acoustic-inquisition,Ideas sheet,,Ideas,Sheet-only,A,,,Unknown,Review,Related but distinct campaign,20,Expand into a campaign package,High
idea-122,The Necropolis of Words,the-necropolis-of-words,Ideas sheet,,Ideas,Sheet-only,S,,,Unknown,Review,Sheet-only concept,20,Expand into a campaign package,High
idea-123,The Culinary Dungeon,the-culinary-dungeon,Ideas sheet,,Ideas,Sheet-only,A,,,Unknown,Review,Sheet-only concept,20,Expand into a campaign package,High
idea-124,The Lighthouse at the End of Time,the-lighthouse-at-the-end-of-time,Ideas sheet,,Ideas,Sheet-only,C,,,Unknown,Review,Sheet-only concept,20,Expand into a campaign package,High
idea-125,The Masquerade of Faces,the-masquerade-of-faces,Ideas sheet,,Ideas,Sheet-only,B,,,Unknown,Review,Related but distinct campaign,20,Expand into a campaign package,High
idea-126,The Rain of Memory,the-rain-of-memory,Ideas sheet,,Ideas,Sheet-only,B,,,Unknown,Review,Sheet-only concept,20,Expand into a campaign package,High
idea-127,The Clockwork Biology,the-clockwork-biology,Ideas sheet,,Ideas,Sheet-only,A,,,Unknown,Review,Related but distinct campaign,20,Expand into a campaign package,High
idea-128,The Bureau of Divine Auditing,the-bureau-of-divine-auditing,Ideas sheet,,Ideas,Sheet-only,C,,,Unknown,Review,Sheet-only concept,20,Expand into a campaign package,High
idea-129,The Knot-Weavers,the-knot-weavers,Ideas sheet,,Ideas,Sheet-only,B,,,Unknown,Review,Related but distinct campaign,20,Expand into a campaign package,High
idea-130,The Paper-Thin Kingdom,the-paper-thin-kingdom,Ideas sheet,,Ideas,Sheet-only,C,,,Unknown,Review,Sheet-only concept,20,Expand into a campaign package,High
idea-131,The Photosynthetic Knights,the-photosynthetic-knights,Ideas sheet,,Ideas,Sheet-only,S,,,Unknown,Review,Sheet-only concept,20,Expand into a campaign package,High
idea-132,The Zoo of Extinct Concepts,the-zoo-of-extinct-concepts,Ideas sheet,,Ideas,Sheet-only,B,,,Unknown,Review,Sheet-only concept,20,Expand into a campaign package,High
idea-133,The Moral Compass Magnet,the-moral-compass-magnet,Ideas sheet,,Ideas,Sheet-only,B,,,Unknown,Review,Sheet-only concept,20,Expand into a campaign package,High
idea-134,The Staircase of Civilizations,the-staircase-of-civilizations,Ideas sheet,,Ideas,Sheet-only,S,,,Unknown,Review,Sheet-only concept,20,Expand into a campaign package,High
idea-135,The Ghost-Mech Pilots,the-ghost-mech-pilots,Ideas sheet,,Ideas,Sheet-only,A,,,Unknown,Review,Sheet-only concept,20,Expand into a campaign package,High
idea-136,The Ocean of Sand,the-ocean-of-sand,Ideas sheet,,Ideas,Sheet-only,S,,,Unknown,Review,Sheet-only concept,20,Expand into a campaign package,High
idea-137,The Currency of Years,the-currency-of-years,Ideas sheet,,Ideas,Sheet-only,A,,,Unknown,Review,Sheet-only concept,20,Expand into a campaign package,High
idea-138,The Shadow-Puppet Regime,the-shadow-puppet-regime,Ideas sheet,,Ideas,Sheet-only,C,,,Unknown,Review,Sheet-only concept,20,Expand into a campaign package,High
idea-139,The Infinite Wedding,the-infinite-wedding,Ideas sheet,,Ideas,Sheet-only,C,,,Unknown,Review,Related but distinct campaign,20,Expand into a campaign package,High
idea-140,The Cartographer's War,the-cartographer-s-war,Ideas sheet,,Ideas,Sheet-only,B,,,Unknown,Review,Sheet-only concept,20,Expand into a campaign package,High
